sequenceID,2,4,6,8,10,12,14,16,18,20,25,30,35,40,45,50,55,60,65,70,75,80,85,90,95,100,200,300,400,500,600,700,800,900,1000,3346
229_chr1,,1.2242716657277,1.31012607010337,1.35904636601224,1.30680979961825,3.27234607853944,3.31533208594992,3.31031022792465,3.27144852534439,3.22703777714768,7.55891139800775,7.08262777569559,5.42082407379225,5.46222013609562,5.46181348239773,5.49095319660416,5.25947179387925,5.24871894161197,5.2633737036379,5.31146909490114,5.30924996623423,5.80312445099072,5.48704781127916,5.49250984519551,5.50737105508957,5.84028918420962,5.2852886316772,5.29531069407882,4.99358675342098,5.06863760205509,5.04729351771525,4.31714260495283,4.28123785130171,4.31091950408993,4.24895554010192,4.2483011866148
501_chr1,,1.09894689465527,1.32877646364955,1.3716351634261,1.32353908545332,3.06845814553072,3.11112009368625,3.10922527287838,3.07539905552511,3.02362274389663,6.93660056500052,6.57364671582287,5.07396090662579,5.11352599083636,5.11515542143482,5.1461430154206,4.92217608680537,4.90359955238023,4.9174659132911,4.93697015655602,4.93516877017314,5.30803450262679,5.01346068215376,5.018781044976,5.03268387109091,5.37994926186828,4.80684222968384,4.85322827767815,4.61678859394174,4.69770399901042,4.69219912912092,4.00763386449011,3.98061421953321,4.01080475483565,3.94180577090723,3.93359548022813
507_chr1,,1.10195214838837,1.32832923231333,1.37133328750724,1.32313792175457,3.07334732239946,3.1160170414073,3.11404723510222,3.08010026819045,3.02850058075853,6.95152340856958,6.58585194242866,5.08227859050489,5.12188758106934,5.12346818692325,5.15441146925734,4.93026434560822,4.91187542094139,4.92576068749536,4.9459505386694,4.94413913494081,5.31990662417792,5.02481717198072,5.03014093203706,5.04406673993286,5.39098808729977,4.81831524354514,4.86382929311074,4.62582411074906,4.70659888535844,4.70071419543856,4.01505579943356,3.98782309200031,4.01800142443924,3.94917113836486,3.94114203699302
508_chr1,,1.21049429552273,1.3121763700892,1.36043029451194,1.30864890582401,3.24993199783257,3.292882380328,3.28820428793676,3.24989615304739,3.20467568388891,7.49049869191991,7.02667378967049,5.38269224858621,5.42388702535915,5.42370420520095,5.4530470629966,5.2223917514811,5.21077881573206,5.22534690619307,5.27029917716822,5.2681259723043,5.7486975611987,5.43498479814587,5.4404312576862,5.45518710925395,5.78968248071476,5.23269142246555,5.24671109912452,4.9521640746379,5.02785963352677,5.00825680687583,4.28311727649989,4.24818929249091,4.2779268884317,4.21518954123071,4.2137045383592
524_chr1,,1.11126657165029,1.32694309246241,1.37039765932721,1.32189456301708,3.08850073931608,3.13119454314799,3.12899232829391,3.09467111261765,3.04361885068493,6.99777497120563,6.62368057744937,5.10805825341837,5.14780332645714,5.14923260587518,5.180038549563,4.95533293303295,4.93752548229551,4.95146934462127,4.9737841552245,4.97194170393512,5.35670284006023,5.06001524921895,5.06534953859461,5.07934657576209,5.42520160186958,4.8538744730428,4.89668586813394,4.65382861067089,4.73416751804981,4.72710562153091,4.03805919602677,4.01016612701937,4.04030663814741,3.9719992108249,3.96453168396498
541_chr1,,1.18770933310425,1.31556714840384,1.36271903019854,1.31169041266881,3.21286367645099,3.25575514259746,3.25164556850369,3.21425292175505,3.16769333915117,7.37735801892009,6.93413730050176,5.31962998116204,5.36049187269069,5.36067922758867,5.39035804347917,5.16106891846231,5.14803357992397,5.16245833328072,5.20221252388383,5.20011526763055,5.65868657796922,5.34888318513944,5.35430388783594,5.36888549820458,5.7059893070467,5.14570635801747,5.16633727392328,4.88365940609056,4.96042118434549,4.94369804303449,4.2268463177797,4.19353371168802,4.22336382620166,4.15934746078596,4.1564887331234
543_chr1,,1.15011890613151,1.321161224105,1.36649496584008,1.31670826342655,3.1517086917596,3.19450295824113,3.19133132054377,3.15544903793206,3.10668019795691,7.19069954970987,6.78147142927831,5.21559041704931,5.25590311748273,5.25670118387371,5.28693426042079,5.05989905765602,5.04451705173264,5.05870532881828,5.08988377296919,5.08791181605368,5.51018726383,5.20683351498822,5.21221172427443,5.22650587307299,5.56791305854986,5.00219917758859,5.03373725680428,4.77064101733819,4.84916183475588,4.83718957253292,4.13401099395482,4.10336342388641,4.13334617471308,4.06721969649958,4.06209460997759
546_chr1,,1.25467451359784,1.30560162475349,1.35599241834198,1.3027514005654,3.32180775923336,3.36487238098436,3.35909192722424,3.3190086537606,3.27638473591338,7.70987933053983,7.20610275673626,5.50497047208907,5.54681071592122,5.54591012347058,5.57460155592605,5.34129719824,5.3324423124832,5.34728833469622,5.40231972365239,5.39999925384596,5.92322955274628,5.60193649064276,5.60743289290214,5.62252659950048,5.95196419073653,5.40135613412981,5.4025565668371,5.08499515594483,5.15862330724959,5.13343674848753,4.39222709998318,4.35416688571858,4.3837250874322,4.32346776642611,4.32464642653237
547_chr1,,1.17302314941704,1.31775269482945,1.36419424846257,1.31365083408133,3.18897106838837,3.23182455965005,3.2280814274223,3.19127886402561,3.14385614784812,7.3044325220221,6.87449235342038,5.27898281984075,5.31963014819592,5.32005610163849,5.34995146132667,5.12154291998168,5.10759076322538,5.12192312779502,5.15832686463118,5.15627856150876,5.60066946083312,5.29338587594257,5.29878997691147,5.31325927907398,5.65204437181795,5.08963961491449,5.11453184458487,4.83950431260217,4.91695332892109,4.90208630600462,4.19057653506767,4.15830513046591,4.18819487837856,4.1233541141293,4.11960994394343
563_chr1,,1.38182258841528,1.28667989352915,1.34322047117031,1.28577872653777,3.52866198237482,3.57205537799901,3.5631023929135,3.5179103748106,3.48275917925349,8.34124393370503,7.72248879381076,5.85688002319298,5.90057788334104,5.89761158435664,5.92442825291325,5.68350009581282,5.68258271607212,5.69822860955645,5.7822671085492,5.77952281888074,6.42552238166805,6.08241366376137,6.08805379823521,6.10411983178386,6.41900142835884,5.88676327588021,5.85107067681705,5.46727521249371,5.53495348610125,5.49369727401569,4.70623876864415,4.65916417952496,4.68820609518087,4.63508614401851,4.64393066985252
590_chr1,,1.41325707595506,1.28200192317642,1.34006289591954,1.28158261652191,3.57980201347026,3.62327669100324,3.61353936925703,3.56708432951626,3.53378059563763,8.49733456095003,7.85015356947832,5.9438817054063,5.98803881920031,5.98456182096711,6.01091499652547,5.76810202734242,5.76914701655083,5.7849906601273,5.87620051142184,5.87335144187219,6.54970293017205,6.20120078447261,6.20687645348767,6.22318287289704,6.53446582880475,6.00676921990238,5.96195565263614,5.56178531570638,5.62799261653981,5.58276354589629,4.7838710560385,4.73456786649062,4.7634821420885,4.7121267442923,4.72286648215406
599_chr1,,1.3735568240203,1.28790997563987,1.34405076220175,1.28688210246278,3.51521460399296,3.55858662636885,3.54983988425249,3.50497998033694,3.46934299085863,8.30019957605677,7.68891907342416,5.83400274847258,5.87757984691169,5.87474783736536,5.90168638237748,5.66125384056531,5.65982045179572,5.67541434647877,5.7575671233504,5.75485038577135,6.39286884611812,6.05117834135583,6.05680913194758,6.07281195553022,6.38863982221253,5.85520746133004,5.82191323997625,5.44242358273156,5.51048865171366,5.47027711111425,4.68582519593254,4.63933662196791,4.66841210084465,4.61482815667561,4.62317433253397
229_chr2,,1.21644874689958,1.33362058801007,1.38212108370813,1.32978389743964,3.28138443875391,3.32491509930554,3.32032483093369,3.28171416790614,3.23551929725946,7.54699371195148,7.08498016629622,5.42787588302412,5.46943184090375,5.4694526872992,5.49926479083559,5.26725816546952,5.25490439339403,5.26960449310171,5.31260275966629,5.31042966966233,5.7867865883016,5.46947691457441,5.47497461943384,5.48983530466873,5.82931414359784,5.26551853980337,5.28115001720149,4.98891563572985,5.06574245335037,5.04688596819849,4.31523608468318,4.28068065529538,4.31092211833429,4.24704368313039,4.24577650709037
501_chr2,,1.11256328746431,1.34908045827844,1.39255631524205,1.34365130393979,3.11237561940662,3.15563765752794,3.15363948404062,3.11920288565973,3.06690247869679,7.0311416082908,6.66307050872204,5.14035060630578,5.18038881155951,5.18209742926117,5.2134412957381,4.9876636432129,4.96882458647669,4.98287115686725,5.00216936381735,5.00034255291472,5.37639168945236,5.0769063471533,5.08228661659613,5.09635286878829,5.44772458297386,4.86891997544207,4.91469465053262,4.67657634656215,4.75826447080526,4.75253758530225,4.05867501198335,4.03148471552923,4.06214800653826,3.99243803242636,3.98490751355367
507_chr2,,1.12003576320357,1.34796843060739,1.39180570957602,1.34265382210545,3.12453241506559,3.16781377518447,3.16562915244578,3.13089231381014,3.07903107775954,7.06824682350187,6.69341844863122,5.16103228463092,5.20117966175275,5.2027668781514,5.23400056499902,5.00777486277864,4.98940229223359,5.00349587095423,5.02449882197006,5.02264710322953,5.40591137336034,5.10514392782094,5.11053264438723,5.12465604010718,5.47517230038893,4.89744728972188,4.94105376615705,4.69904289552298,4.78038134623145,4.77371004930286,4.07712943671043,4.04940936662425,4.08004231556915,4.01075180375013,4.00367180680436
508_chr2,,1.20210021562794,1.33575588618565,1.38356238499134,1.33169924648758,3.25804114949311,3.30153470824664,3.29730245681683,3.25926831043981,3.21223015066258,7.47574485690327,7.02670652580387,5.38816324713832,5.42950957490095,5.42976353418341,5.45978720292414,5.22864091558885,5.21539140401078,5.23000123905684,5.26972608267689,5.26760082031445,5.73010335205397,5.41525555295566,5.42073703778048,5.4354879969053,5.77660946506716,5.21074083622519,5.23053565483649,4.94577571911063,5.02327397439407,5.00623093331965,4.27980018638969,4.24626202006058,4.27656174545742,4.21187786530638,4.20974560409478
524_chr2,,1.11762415656988,1.34832731746122,1.39204795400299,1.34297574135854,3.12060902875045,3.16388415304347,3.16175970343443,3.12711976192035,3.07511679138676,7.05627178520534,6.68362419893974,5.15435764634702,5.19446979021945,5.19609618669683,5.22736543203058,5.00128432976004,4.98276120921893,4.99683961684974,5.01729239249651,5.01544871231097,5.39638442833957,5.09603075847337,5.10141674888308,5.11552170256112,5.46631404514561,4.88824061408195,4.93254683748759,4.6917922224662,4.77324352399482,4.76687701880305,4.07117360431355,4.04362450910237,4.07426725040065,4.00484136469976,3.99761596993598
541_chr2,,1.1808239561731,1.33892214460869,1.38569957237824,1.33453936040022,3.22342730160586,3.26686584514789,3.26316446765939,3.22598519050937,3.17769658648824,7.37009577706599,6.94029732677016,5.3292766385548,5.37031212302105,5.37091174627233,5.40124912769165,5.17137856501523,5.15680083484112,5.17127682382837,5.20614777721014,5.20409343453217,5.64605243295206,5.33485514569761,5.34031257916427,5.35490083444556,5.69845802268795,5.12951547513386,5.15548377074945,4.88180707720061,4.96030095229028,4.94594691861098,4.22725520099474,4.19522545056973,4.2256115684356,4.15973336007442,4.15631833505846
543_chr2,,1.14242875756254,1.3446359836067,1.38955634684379,1.33966463808278,3.16096305279712,3.20430231573127,3.20155895487425,3.16592237717412,3.11537721789722,7.17944114569221,6.78436303927377,5.2230096964325,5.26348423219784,5.26470764163502,5.29561114985058,5.06804276353902,5.05106812629103,5.06530257629809,5.09141418548552,5.0894878246728,5.49437390415954,5.18976434101011,5.1951783713271,5.20947301078743,5.55742570644736,4.98293595640148,5.02004492626011,4.76636908321506,4.84665965665208,4.83715821340204,4.13243237020016,4.10312471142608,4.13366673338844,4.06563323692635,4.05990333268347
546_chr2,,1.23474428396931,1.33089791025395,1.38028330808103,1.32734167259832,3.31114901924754,3.35472698759045,3.34968021868132,3.31033445032825,3.2652148414806,7.63784176071909,7.15928376780298,5.47851270349236,5.52033595671419,5.52005956533772,5.54960190613914,5.3164982802483,5.3052866484354,5.32010184288216,5.36727398827048,5.36503991415796,5.85906229585433,5.53861353299802,5.54413191971254,5.55913251460621,5.89651686850052,5.33536453919075,5.3456874200463,5.04392251613799,5.11989319647034,5.09872442355083,4.36041971906036,4.32456719705398,4.35473437087758,4.29188294308015,4.29171882055309
547_chr2,,1.22597394520244,1.33220308135569,1.38116428330279,1.32851240287651,3.29688076064501,3.3404360510335,3.33560811496562,3.2966147343402,3.25097967682304,7.59429189601904,7.12366482126266,5.4542389110428,5.49593403079181,5.49580012640241,5.5254717834717,5.29289402715184,5.28113488711417,5.2958949085508,5.34106622001353,5.338861379877,5.82441546163257,5.50547148516088,5.51097995760643,5.5259134839522,5.86430187195753,5.30188243512332,5.31475009998153,5.01755384634438,5.0939349335437,5.0738746029165,4.33876002256191,4.30352928835185,4.33373207422567,4.27038832948578,4.26969543576442
563_chr2,,1.38994912310814,1.30780086961752,1.36469307591184,1.3066237722605,3.56364813473909,3.60762742489655,3.59870806715956,3.55312624772136,3.51712830794051,8.40852461858303,7.78961664490519,5.90807536379154,5.95216613889214,5.94936821778948,5.9766221053071,5.73421239622596,5.73268977737029,5.74848134438245,5.83106137033501,5.82830995536928,6.47219212755113,6.12511381993372,6.13080765511851,6.14699513269311,6.46661153521953,5.92788265211049,5.89317160642411,5.51055730213722,5.57926519211887,5.53848080203275,4.74372186966088,4.69686584169302,4.72640280468053,4.67226369392024,4.68145700333891
590_chr2,,1.40282324583917,1.30588498775761,1.36339987807429,1.30490523826917,3.58459274329866,3.62860532279377,3.61936473677464,3.57326564166725,3.53802433736072,8.47245217234934,7.84190227508426,5.94370725800337,5.98798612230998,5.98497904224459,6.01204310431215,5.76886146274617,5.76814254010671,5.78401509647659,5.86953217904775,5.86673785105382,6.52305077826792,6.17376357027455,6.1794719587758,6.19575788736125,6.51390045190775,5.97703157651524,5.93858500105686,5.5492643008291,5.61736974790457,5.57495825737333,4.77551648996575,4.72774772959208,4.75723241707263,4.7038159863488,4.71378548759231
599_chr2,,1.37706395476785,1.30971839524633,1.36598738327415,1.30834378070219,3.54268555633667,3.58663152859523,3.57803367474456,3.53296957478248,3.49621435035688,8.34454221690242,7.73728615523135,5.87241289848846,5.91631542300818,5.91372684032033,5.94117071615252,5.69953360185104,5.69720659723202,5.71291710540002,5.79255755482795,5.7898490897085,6.42128984164494,6.07642232957345,6.08210159895547,6.09819054105123,6.41928204606612,5.87869155941,5.84771924846756,5.47181709400712,5.54112794377281,5.50197205013495,4.71189997053011,4.66595745806494,4.69554674141024,4.6406843305758,4.64910078222042
229_chr3,,1.17650525012108,1.25751086896432,1.3042316437974,1.2545335493162,3.13642365306906,3.17777534428387,3.17331307445251,3.13653985117145,3.09286384046595,7.24970372206669,6.79736892777908,5.21185153216243,5.25181640540278,5.25138233761439,5.27973651599818,5.05377845367824,5.04301926393252,5.05712065350742,5.10317805257423,5.10106475137875,5.5754672155473,5.2744738613496,5.2797628430427,5.29410017591928,5.61733493713984,5.07593322440081,5.09088334437015,4.79956071915201,4.87307595072654,4.85375996495527,4.15260314874407,4.11795939463252,4.14642271953674,4.08572328494908,4.08256662561476
501_chr3,,1.10824458337145,1.26766918234252,1.31108838646441,1.26364549259426,3.02537197405712,3.06654715985629,3.06378809397722,3.02975754938657,2.98206973585441,6.91074956301984,6.52014211768766,5.02292550533579,5.06189309939223,5.06256802602241,5.09192868943491,4.87006353714872,4.8550430209632,4.86871499195373,4.89919964503583,4.89731387560917,5.30580647978715,5.01652507020869,5.02173688788018,5.03555221768261,5.36660150462207,4.81533773218838,4.85009423106421,4.59432999440388,4.67103947504018,4.6603506371976,3.98402296457111,3.95421866429156,3.98295916233098,3.91842796210258,3.91115580902964
507_chr3,,1.07196882432383,1.27306761376701,1.31473226450845,1.268487851665,2.96635579180319,3.00743717734764,3.00558324496821,2.97301024182941,2.92319043633736,6.73061918944949,6.37281550276749,4.9225245665034,4.96096217658663,4.96222645600558,4.99212199565246,4.77243193812079,4.75514682566756,4.76859059078435,4.79079942108372,4.78903456884135,5.16250070296375,4.87944337089899,4.88461418130248,4.89815210306538,5.23335426259675,4.67684949680287,4.72213169756576,4.48526425164695,4.56367125173069,4.55756713821665,3.89443441478897,3.86720194495717,3.89608974108708,3.82952222604183,3.82006297655842
508_chr3,,1.15170130891028,1.26120210463241,1.3067231846819,1.25784456451935,3.09607070240604,3.13735825668576,3.13351488163985,3.09773826803514,3.05260448484953,7.1265376377829,6.69663276701485,5.14320130816469,5.18280379915145,5.18277270768414,5.21149261345781,4.98702179561836,4.9747141637679,4.98865951511715,5.02905823116358,5.02702760839605,5.47748034616632,5.18074277204861,5.18600371458026,5.20015136672005,5.52622569933291,4.98124040089905,5.0033875829744,4.72498584208594,4.79966177087768,4.78348063977791,4.09134601228996,4.05846077496497,4.08702481652606,4.02493302973599,4.02028091965959
524_chr3,,1.08322512558051,1.27139249043333,1.31360157585897,1.26698527655908,2.98466840452061,3.02577889611144,3.02364410247322,2.99061882690494,2.9414605745935,6.78651331278749,6.41853068018093,4.95367879300678,4.99228085614131,4.99336226047477,5.02309182901072,4.8027268435806,4.78614443118061,4.79965900815995,4.82443581103481,4.82263343841273,5.20696822171725,4.92197956985716,4.92716310474043,4.94078710570735,5.27470063651799,4.71982214131624,4.76183823615911,4.51910715085809,4.59698741378206,4.58946066874835,3.92223357687331,3.89420307278776,3.92304516259134,3.85710951228534,3.84832891479213
541_chr3,,1.12893997685347,1.26458936635938,1.30900954671297,1.26088291700711,3.05904082470607,3.10026952373918,3.09699407737848,3.06213200245864,3.01566049462672,7.0135143033581,6.60419224775233,5.08020444283157,5.11947439381045,5.11981309348953,5.14886860893476,4.9257625607173,4.9120340012563,4.92583616415669,4.96104219077783,4.95908743785438,5.38756271363229,5.09473045531653,5.09996566771688,5.11393925936368,5.44261932413863,4.89434554895581,4.9230971137394,4.65655221996229,4.73229326234036,4.71898883004912,4.03513341237157,4.00386187764998,4.03251834183259,3.96914886330194,3.9631244531291
543_chr3,,1.13010557545171,1.26441590605789,1.30889246303914,1.26072732420648,3.06093710974915,3.10216882273561,3.0988642929769,3.06395538490132,3.01755238140687,7.01930218254921,6.60892608931325,5.08343048679693,5.12271746701497,5.12303722983917,5.15207555884902,4.92889962133183,4.91524382699842,4.92905332252128,4.9645252646653,4.96256662647786,5.3921673591854,5.09913511122875,5.1043716412587,5.11835414647287,5.44690077275889,4.89879539913883,4.92720875615815,4.66005667804148,4.73574317638407,4.72229142951166,4.03801203685209,4.00665786507359,4.03530959633118,3.97200554787721,3.96605141263665
546_chr3,,1.18340090887398,1.25648468117717,1.30353897904858,1.25361306531842,3.14764203869093,3.18901156039543,3.18437723374422,3.14732694642,3.10405620604944,7.28394470336618,6.82537424285399,5.23093674583778,5.27100236372744,5.27045626587206,5.29870876963665,5.07233724357187,5.06200853091293,5.07615330014057,5.12378385029526,5.12164756395317,5.60270820953993,5.30053172049645,5.30582849726081,5.32021856262944,5.64266390433158,5.10225845197928,5.11520774135944,4.82029302533743,4.89348557545351,4.87329807947058,4.16963303546965,4.13450040212845,4.16293572713981,4.10262337561971,4.09988246142491
547_chr3,,1.12940223336759,1.26452057496376,1.30896311332587,1.26082121155744,3.05979285899567,3.10102275331125,3.09773577297118,3.06285512482094,3.0164107846403,7.01580967748008,6.60606960853643,5.08148383681855,5.12076054130309,5.12109173094866,5.1501404305469,4.92700666542577,4.91330696337269,4.92711203426603,4.96242351844592,4.96046722469307,5.38938883748431,5.09647726668963,5.10171300163939,5.11569012825491,5.44431727360216,4.8961102836055,4.92472772096101,4.65794202823591,4.73366143938026,4.72029858463993,4.03627502571928,4.00497071855104,4.03362530573636,3.97028177565761,3.96428523532373
563_chr3,,1.35925558385198,1.23031460428646,1.2858744833656,1.23013867076764,3.43373588816994,3.47556012712199,3.46653796789143,3.42242192963569,3.38948648652712,8.15716608120961,7.53957222692331,5.71765225309092,5.76028708419074,5.75688396980864,5.78254354405724,5.54562777050748,5.54627718349144,5.56152823059739,5.64927764149659,5.64655518266079,6.29741430163483,5.96506523572611,5.97056080418979,5.98629566569526,6.28860904933369,5.7736104584259,5.73553410608667,5.34901306448467,5.41397651785582,5.37156356807603,4.60393312228542,4.55633297842579,4.58405424373153,4.53361337359933,4.54147488754127
590_chr3,,1.36149367815283,1.22998153893037,1.28564966814747,1.2298399132358,3.43737699133713,3.47920701745452,3.47012901448203,3.42592305074154,3.39311914448237,8.16827952922786,7.54866179157677,5.72384665880152,5.76651418815883,5.76307471265977,5.78870128681455,5.55165131711558,5.55244044819596,5.56770557484922,5.65596557663035,5.65323565760438,6.30625579388222,5.97352272298567,5.9790208214621,5.99477279812569,6.29682996326659,5.78215472430727,5.74342897098997,5.35574205992656,5.4206007819647,5.37790496986418,4.6094604393686,4.56170162208023,4.58941379958118,4.53909856333525,4.54709501388886
599_chr3,,1.35207985926485,1.23138247049028,1.28659528055799,1.23109654004332,3.42206187000585,3.46386755428635,3.4550244399298,3.41119671861923,3.37783954520018,8.12153440913842,7.51042948144322,5.69779189718754,5.74032189191378,5.73703535767799,5.7628007360406,5.52631521898496,5.52651667113929,5.54172257673637,5.62783494332333,5.62513640317139,6.26906691998859,5.93794904171646,5.94343649851359,5.95911648580712,6.26225135108363,5.74621603686796,5.71022177846173,5.32743871973044,5.39273796020449,5.35123191685349,4.58621157003469,4.53912016113919,4.56687056354798,4.51602688904498,4.52345577243972
229_chr4,,1.16896598794444,1.24261488858546,1.28900072839163,1.23980928671205,3.10854558109757,3.14947257826968,3.1450288528373,3.10860394607098,3.06543482283117,7.19295116873874,6.74227229782957,5.1703955413219,5.21005358750019,5.20952651999945,5.23759228630912,5.01279949635747,5.00236770753019,5.01635384581086,5.06306733033151,5.0609648399931,5.53523507945699,5.23738257076307,5.24263109899856,5.25686824155553,5.57690239945087,5.03990955439562,5.0546517459011,4.76337260451795,4.83622929117204,4.81679097238885,4.1214928609133,4.08681355913492,4.11492872111787,4.05486436059313,4.05135441797598
501_chr4,,1.13564190374415,1.24757406209588,1.29234811248346,1.24425763419362,3.05433140947878,3.09517223870655,3.09155999814854,3.0564740360478,3.01134639611666,7.02747758821327,6.60693330977148,5.07816399531767,5.11733518109628,5.11734951210718,5.14590663300568,4.92311195536501,4.91059983524525,4.9243763362378,4.9634873825882,4.96149597068168,5.40358976317339,5.11145489316108,5.1166657507954,5.1306480573652,5.45449717818783,4.91268978731429,4.93710122862075,4.66318128970002,4.73759737255927,4.72237072966021,4.03919392479997,4.00687718955749,4.03512766432503,3.97319267922353,3.96767359918651
507_chr4,,1.09265874357311,1.25397066546637,1.29666574491136,1.24999534722866,2.98440311352848,3.02513279880011,3.02259305125706,2.98923413055602,2.94158029257138,6.81404104264909,6.43236594983679,4.95919888615236,4.99774209372715,4.99845474907315,5.0276456450175,4.80742823794748,4.79223279688135,4.8057388966506,4.83504391755711,4.8331957804665,5.23378669577103,4.94902673748247,4.95418900558993,4.96784261127218,5.29661247234875,4.74859502652473,4.78547837584915,4.53394925119354,4.61037672546729,4.60058252410294,3.9330404193772,3.90377104697347,3.93219605530232,3.86784824002913,3.85973766865495
508_chr4,,1.15323955653955,1.24495524103349,1.2905804389094,1.24190856815407,3.08296061840178,3.12384695086251,3.11979562300548,3.08400259621256,3.03990920215959,7.11486023313149,6.67840259628548,5.126869271466,5.16629755659119,5.16602598798143,5.19432363625941,4.97047380323973,4.95906025637901,4.97294746181544,5.01607317415079,5.01402310437792,5.47310850986048,5.17795429144766,5.18318504202656,5.19730192139347,5.5191364514289,4.97987150718851,4.99917684866138,4.71608992960992,4.78968253258526,4.77223180426347,4.08265402694257,4.04908967675124,4.07726869606969,4.0163215431203,4.01186344055892
524_chr4,,1.09221633921198,1.2540365025341,1.29671018416171,1.25005440266478,2.98368337624133,3.02441191756331,3.02188320865923,2.98854206353924,2.94086222465026,6.81184424608489,6.43056921453305,4.95797443725406,4.99651118136048,4.99723102421271,5.02642844328945,4.80623756278787,4.79101450362934,4.80451782029284,4.83372191264025,4.8318752502063,5.23203899696868,4.9473549449908,4.95251671299034,4.96616693551729,5.29498744333411,4.74690608049277,4.78391779698417,4.53261912988078,4.60906730640933,4.59932901847287,3.93194783396558,3.90270982655698,3.93113663127327,3.86676398193515,3.85862673762522
541_chr4,,1.13309533486848,1.24795303355792,1.29260391378597,1.24459756921409,3.05018845625507,3.09102270067758,3.08747400075549,3.0524903584902,3.00721305210105,7.01483238340048,6.59659093839282,5.07111582010009,5.11024980084905,5.11030550459778,5.13890017396408,4.9162581886102,4.90358709317131,4.9173475740449,4.95587765521987,4.95389473173498,5.39352965580298,5.10183171784923,5.10703969676136,5.1210025292058,5.44514318289679,4.90296787275929,4.92811822141114,4.65552484271729,4.73006009193733,4.71515529802462,4.03290478245034,4.00076859045612,4.02902940559262,3.96695147059649,3.96127885575294
543_chr4,,1.10989726032232,1.25140528977269,1.2949341463358,1.24769422134906,3.01244805243447,3.05322231230093,3.05025243843101,3.01620088294052,2.96956018375916,6.89964036691843,6.50237667836688,5.00691017631245,5.04570523630436,5.04613782672031,5.0750745454078,4.85382351675847,4.8397042290718,4.85331877400883,4.88655652887872,4.88465093102199,5.30188669143992,5.01416900415313,5.01935075922639,5.03313619132003,5.35993257573857,4.814405689842,4.84628714553164,4.58577812211563,4.66139892223025,4.64942602497634,3.97561357998094,3.94512205417742,3.97347706533277,3.91009692235641,3.90302567583977
546_chr4,,1.18864082979733,1.23968694752181,1.28702440243375,1.23718294197349,3.14055412021823,3.18153199172697,3.17659735007593,3.1393819182231,3.09736912101873,7.29064827297428,6.82217766508794,5.22484988342997,5.2647953764083,5.26394866231107,5.29172432841062,5.06575183481019,5.0565482924648,5.07065820250362,5.12186023554063,5.11969216348758,5.61295966936577,5.31173141488521,5.31700218418564,5.33138978422303,5.649171553371,5.11502125987693,5.12405463851521,4.82252646639838,4.89446247137558,4.87253754091364,4.17008289996609,4.13400871745577,4.16204398954222,4.10308406275054,4.10076033310653
547_chr4,,1.19852315960906,1.23821629380695,1.28603172838446,1.23586377483102,3.15663145099157,3.19763487579204,3.19245365548897,3.15484115667684,3.1134091618666,7.33971982398982,6.86231273701781,5.2522013494502,5.29229122194135,5.29128395493531,5.31891390876046,5.09234887059859,5.08376225503283,5.09793433346642,5.15139088611514,5.14918987351098,5.6519993748792,5.3490755421839,5.35435748278323,5.36882065498812,5.68547108856389,5.15274855912731,5.15891450065942,4.85223841921157,4.92371198184484,4.90053806971857,4.19448882887139,4.15771402210476,4.18570916688998,4.12730397789425,4.12557606233176
563_chr4,,1.34897202725098,1.21582702019337,1.27091923067406,1.21578073706597,3.40139318791337,3.44278563674745,3.43385049609482,3.39019303870072,3.35760319591177,8.08678650000335,7.47333020350716,5.66860083919452,5.7108887494589,5.70743722044315,5.73284884649507,5.49726289322559,5.49806838834447,5.51318692017266,5.6009663429461,5.5982638424632,6.24634095216563,5.91760358892994,5.92305560169859,5.93866928671198,6.23809623564352,5.72711002646763,5.68962202466075,5.3045740264352,5.36900735378815,5.32681890959452,4.56604537854168,4.51860424834608,4.54598849396611,4.49602864881435,4.50337142362518
590_chr4,,1.34834483825387,1.21592035626352,1.27098223142927,1.21586445893448,3.40037282883246,3.44176365590895,3.43284416454353,3.38921190728267,3.35658520346215,8.0836721395788,7.47078300299958,5.66686495920777,5.70914370632503,5.70570236691233,5.731123240696,5.49557489368297,5.49634123511081,5.5114558213782,5.59909215948222,5.59639174959451,6.24386326985641,5.91523351768211,5.92068482145644,5.93629371022917,6.2357924601668,5.72471563694297,5.68740961904446,5.3026883364975,5.36715101307836,5.32504183638261,4.56449643913517,4.5170997745497,4.54448656687707,4.49449151490176,4.50179647595375
599_chr4,,1.3408935234539,1.2170292348377,1.27173071149176,1.21685911604871,3.3882504594097,3.42962201920565,3.42088844909505,3.37755558185323,3.34449095078705,8.04667200081543,7.44052100394002,5.64624184831792,5.68841173272557,5.68509145082544,5.71062219222612,5.47552062609821,5.47582180235436,5.49088951341227,5.57682593503206,5.57415036244696,6.21442718130032,5.88707590164077,5.89251878221263,5.90807068927954,6.20842247060284,5.69626910777194,5.66112514851286,5.28028540945999,5.34509676935207,5.30392932964929,4.54609427459264,4.49922588339914,4.52664293186644,4.47622960545303,4.48308532038916
229_chr11,,1.1286558600576,1.09498681997892,1.13970799144724,1.09431865366722,2.8932265284677,2.93016305809909,2.92509878474648,2.89072887725997,2.85430187295794,6.80753237805699,6.34379959505827,4.86135665165974,4.89853943497589,4.89660055449885,4.92142837612381,4.70589300145927,4.70059885852309,4.71368092788681,4.77398686624639,4.77188140261092,5.27577985250353,5.00256077504772,5.00745748927182,5.02097841209873,5.30665264125046,4.81656791056302,4.82003129958339,4.51250060918307,4.57754388429872,4.55288815689205,3.902141342672,3.86485252974342,3.88949855867227,3.83732134925481,3.8323523018624
501_chr11,,1.03892724184295,1.10833991871381,1.14872117684757,1.10629629933817,2.74724914232956,2.78395365566507,2.78112824320343,2.75036358572129,2.70866306826261,6.36197727615716,5.97938506783432,4.61301346752244,4.64888532776375,4.64840421999131,4.67455506577031,4.46439981965259,4.45350416487348,4.46602176368562,4.50585733388808,4.50405096066862,4.92131092685925,4.6634871957622,4.66828247791181,4.6811172279136,4.97706364789129,4.47401524381347,4.50351410971593,4.24272490637044,4.31196702055686,4.29865167553488,3.68054276028937,3.6496154074217,3.67462578032216,3.61741171655449,3.60703285434453
507_chr11,,0.991285610637863,1.11542977942972,1.15350674987176,1.11265585985648,2.66974208902757,2.70632341273839,2.70468672899017,2.67583628789215,2.63133578561298,6.12540869560152,5.78589827557982,4.48115504123236,4.51633086363299,4.51662376387443,4.54347707259198,4.33617841899918,4.32230862768792,4.33452651946813,4.36349329719636,4.36184572677114,4.73310477629967,4.48345524233273,4.48819666887214,4.50066709371964,4.80206755875827,4.29213606031193,4.33545852689548,4.09948683141482,4.17095832956458,4.16366418854692,3.56288444628092,3.53533472632655,3.56053854855759,3.50065015454656,3.487398937813
508_chr11,,1.12629559604698,1.09533806620338,1.13994507853879,1.09463371932377,2.8893866702628,2.92631709682781,2.92131171553094,2.88703664224565,2.85047092095944,6.79581228593157,6.33421386298451,4.85482411509042,4.89197241526601,4.89007188073164,4.91493450380967,4.69954065059095,4.69409916283803,4.70716638410139,4.76693386021552,4.7648362639958,5.2664557342375,4.99364162325352,4.99853566936037,5.01203854277276,5.2979829764902,4.80755724320674,4.81170548172448,4.50540430150601,4.57055802487042,4.54620060024543,3.89631230875608,3.85919083068158,3.88384644348658,3.83153674227012,3.82642539255017
524_chr11,,1.01016417182696,1.1126203380659,1.15161040982469,1.11013580860417,2.70045517779753,2.73708531685763,2.73497758526353,2.70536861322896,2.66197763813064,6.21915180032878,5.86256971092873,4.5334055059215,4.56885714156851,4.56884333195805,4.59541828140802,4.38698766916036,4.37429641471039,4.38663306895524,4.41990673455834,4.41819623664319,4.80768369477135,4.55479503828092,4.55955780574437,4.57217259875358,4.87141183377538,4.36420784307635,4.40205254400179,4.15624661680119,4.22683469512461,4.21715458063475,3.60950794812644,3.58061980108602,3.60574696672635,3.54691830778026,3.53480529558041
541_chr11,,1.07772453919574,1.10256624078912,1.1448240118067,1.10111734651433,2.81036755615864,2.84717238983119,2.84337892778351,2.81105541472961,2.77163508459693,6.55462856310895,6.13695239756361,4.72039330410326,4.75683198765416,4.75572056101335,4.78129935115915,4.5688178188333,4.56034417305109,4.57310584039201,4.62179248816721,4.61985679277566,5.0745779288947,4.81009748288981,4.81493662273424,4.82806806348712,5.1195729435206,4.62212983573863,4.64037135522905,4.35937183985536,4.42679843953586,4.40857968469628,3.77635863558891,3.74268068360924,3.76753351968716,3.71249731555709,3.70445757544971
543_chr11,,1.07592293001795,1.10283434995776,1.14500498235836,1.10135783875414,2.80743656040891,2.84423673556006,2.84048822630904,2.8082371009908,2.76871088702873,6.54568251917373,6.12963552843278,4.71540696453083,4.75181932681333,4.75073716994995,4.77634252433473,4.5639690165072,4.55538290119915,4.56813323486139,4.61640886991982,4.61447917979225,5.06746075176227,4.80328942003827,4.80812652328658,4.82124418677102,5.11295531620002,4.61525191829632,4.63401618911215,4.35395516910078,4.42146607484947,4.40347501700769,3.77190928545124,3.73835906155943,3.76321921308983,3.70808187686606,3.69993351620685
546_chr11,,1.14492198659278,1.0925661519916,1.13807406888024,1.09214732969106,2.91968950852293,2.95666809838551,2.95119796127091,2.91617448913658,2.8807034745065,6.8883032158354,6.40986115857083,4.90637664347174,4.94379707271444,4.94159392520928,4.96618190720752,4.7496712154874,4.74539252227327,4.75857691962999,4.82259375430438,4.82043407114955,5.34003846376984,5.06402849688647,5.06894359885565,5.08258891203003,5.36640098439062,4.87866632613185,4.87740996832234,4.56140591727072,4.62568802110139,4.59897649367799,3.94231303652812,3.90387100942598,3.92845098958173,3.87718686800436,3.87319851923525
547_chr11,,1.08293123387121,1.10179139872126,1.14430100247738,1.1004223180476,2.81883820570465,2.85565650261822,2.85173312588655,2.81920041050261,2.78008608723173,6.58048284932052,6.15809832866468,4.73480394766676,4.77131870032839,4.77012268331351,4.79562470215763,4.58283097638429,4.57468237028806,4.58747679223808,4.63735127683736,4.63539822608575,5.09514674522659,4.82977295137451,4.83461797703166,4.84778923442795,5.13869804865385,4.64200718570256,4.65873794105159,4.3750261510813,4.44220910415865,4.42333229941532,3.78921736652604,3.75517027724229,3.78000197148325,3.72525804158239,3.71753221753174
563_chr11,,1.28580233278442,1.07160083223148,1.12392272335912,1.07334156958621,3.14888444214038,3.18622731417665,3.17724200538472,3.1365580329682,3.10936681105017,7.58785658300015,6.98201802194477,5.29629319910064,5.33577187130181,5.33127991641971,5.3537906558999,5.12883277768217,5.13334885856944,5.14741951505177,5.24357629136381,5.24094701487089,5.89658002155336,5.59639826011973,5.60147261769827,5.61619527126942,5.88387926957178,5.41649850543833,5.3743645873878,4.98497305964461,5.04266268591722,4.99814594731273,4.29023865516361,4.24180868092157,4.26581661499131,4.22246071487877,4.22696616217486
590_chr11,,1.3125850700576,1.06761511906309,1.12123241360762,1.06976640991543,3.19245664974322,3.229868775398,3.22021519795079,3.17845510884383,3.15283795682893,7.72084854779741,7.09079066032222,5.37042016535375,5.41029012975352,5.4053630501127,5.42747888539143,5.2009151140681,5.2071031678778,5.22134231092309,5.32360920575859,5.32089065496062,6.00238403699387,5.69760698004628,5.70271161368006,5.71763908024025,5.98225697328449,5.51874568430198,5.46884054062701,5.0654973328908,5.12193366444069,5.07403198034133,4.35638273193816,4.30605395086197,4.3299531333532,4.28810066380081,4.29422086513901
599_chr11,,1.29308863862975,1.07051650971208,1.12319081834627,1.07236893909884,3.16073836236192,3.19810007500586,3.18893296217502,3.1479562297149,3.12119323716788,7.6240373557345,7.01160987070683,5.31645961233906,5.35604473649115,5.3514344049084,5.3738377097839,5.14844294461907,5.153413889621,5.16753038326389,5.26534943150352,5.26269586772867,5.92536424955444,5.62393232730928,5.62901492155892,5.64379329497916,5.91064315222878,5.44431508779226,5.40006698977143,5.00687987510042,5.06422853963447,5.0187909187507,4.30823330478889,4.25928675573996,4.28326510369032,4.24031821535155,4.24526296023309
229_chr17,,1.10161153049366,0.868471182849332,0.912312007551927,0.871523272214044,2.6245221379599,2.65555685585941,2.64872680280306,2.61609684434718,2.5917531512507,6.39523779440506,5.88166982408821,4.49016923052428,4.52412616650129,4.51952525102577,4.53900088054811,4.33535216446258,4.33985584344327,4.35179163229523,4.44012559581028,4.43790418184899,5.01855944218288,4.77656779583741,4.78097436978513,4.79367627364306,5.0239592083682,4.60909948767978,4.58593239330593,4.23659052627102,4.28834344795859,4.25163099080776,3.6555740612282,3.61199799641208,3.63130225628873,3.59283843481246,3.58769633444564
501_chr17,,0.963238532982399,0.889063367759515,0.926211491415427,0.88999433270282,2.39940635114958,2.43008327026682,2.4267058268534,2.39963562469166,2.36715950029934,5.70813488083042,5.31969604724928,4.10719229981571,4.1391276248621,4.13677478121515,4.15829068307888,3.96293881284736,3.95880424463642,3.96986954775281,4.02663558724964,4.02487540893661,4.4719230541282,4.25367299954881,4.25792315227361,4.2695668899354,4.51569085580397,4.0808394938591,4.09782243243452,3.82056191247259,3.87878998066136,3.8595658425632,3.31384072465574,3.28007484431242,3.29994096916014,3.25370967451495,3.24022494827047
507_chr17,,0.931991802759076,0.893713396725932,0.929350206557382,0.894165379470703,2.34857177803209,2.37916790073511,2.37657010916141,2.35075538464455,2.31644283341079,5.55297657854402,5.19279380972249,4.02071027622123,4.05218909073087,4.05034389594037,4.07232052237161,3.87884220629276,3.87275699030766,3.88362572448768,3.93326324596981,3.93160722169066,4.34848423257339,4.13559539099313,4.13981022142354,4.15121500904264,4.40091612099825,3.9615503419901,3.98759976948017,3.72661631546775,3.78630657035133,3.77103156103788,3.23667213274656,3.20512154146379,3.22511454397904,3.17712923559569,3.16176061737198
508_chr17,,1.08269575827815,0.871286161827791,0.914212085424083,0.874048290671898,2.59374851144313,2.62473431777472,2.61837624103405,2.58650630863474,2.5610509013981,6.30130991515441,5.80484726372626,4.4378157763434,4.47149635542594,4.46720275434989,4.4869572918063,4.28444276554902,4.28776558468597,4.29958237698379,4.38360096343261,4.38144260099594,4.94383352320214,4.70508738392783,4.709472574887,4.72202982602299,4.95447825070756,4.53688564615435,4.51920711451582,4.17971886319165,4.23235694599071,4.1980351652405,3.60885866104672,3.56662366145443,3.58600472901755,3.54647908366094,3.54019653527593
524_chr17,,0.971094795536196,0.887894226278731,0.925422334596121,0.888945620139988,2.41218752058289,2.44288475407668,2.43931128536685,2.41192542259237,2.37991102495751,5.74714582218176,5.35160265922274,4.12893619041437,4.16098629440274,4.15850581427438,4.17990587767624,3.98408294588958,3.98043882262934,3.99155354842653,4.05011188774938,4.04832552233036,4.50295887082117,4.2833608641,4.28761989779305,4.29932371387774,4.54454828967726,4.11083197275864,4.12553535386211,3.8441823447728,3.90204278017265,3.88182572561988,3.33324296977426,3.29892010659249,3.31875433100579,3.27296404226271,3.25995297677908
541_chr17,,1.03088673776714,0.878996198826096,0.919416270182153,0.880964145419102,2.5094616301442,2.540313471,2.53524810546039,2.50545983301685,2.47695951595395,6.04404780778649,5.59443546767821,4.29442320687399,4.32734686311714,4.32389497539248,4.34441342281315,4.14500536577139,4.14509388967748,4.15658475846319,4.22878381904812,4.22679815047218,4.73916428606659,4.50930737111274,4.51363399551273,4.52579505262861,4.7641746078241,4.33909681923547,4.33645108964646,4.02395122519063,4.07901370439598,4.05123982458597,3.48090834008661,3.44234642742392,3.4619378660445,3.41950395690835,3.41009779854897
543_chr17,,0.983201145136114,0.886092601727463,0.924206259104974,0.887329574236666,2.43188305702861,2.46261159458621,2.4587360546622,2.43086376495039,2.3995608793745,5.80726093302324,5.4007701350364,4.16244310791455,4.19467008404648,4.1919929185534,4.21321447711192,4.01666564852247,4.01377729150502,4.02496817670344,4.08628841561061,4.08446169636457,4.55078446784409,4.32910929277976,4.33338201187417,4.34517840765386,4.58901704064305,4.15704980629458,4.16824043314631,3.88058097696839,3.93787489730631,3.9161277775806,3.36314145659541,3.32796029356465,3.34774536002163,3.30263465289767,3.29035348954287
546_chr17,,1.12846235453203,0.864475337246984,0.909614858526065,0.867939023813658,2.66820511432537,2.69930926189914,2.69180924132266,2.65810043048492,2.6353348088739,6.52856784983834,5.99071898300994,4.56448464149437,4.59883386440849,4.59379671800511,4.61287643940509,4.40761774773108,4.41379765010443,4.42590235384394,4.52036196895515,4.51805105373671,5.12463243136875,4.87803380740216,4.88247073437256,4.89537797189275,5.12258700674241,4.71160659813994,4.68064852222168,4.3173195073941,4.36781594824758,4.32770994043257,3.72188628871034,3.67640658993528,3.69560182176641,3.6586452528541,3.65512201153845
547_chr17,,1.02195319145081,0.880325657903793,0.920313639503487,0.882156661859131,2.49492785300432,2.52575659389082,2.52091413346067,2.49148480634067,2.46245944860544,5.99968752208838,5.55815368688102,4.26969770254796,4.30249084087788,4.29918409168577,4.31983426182538,4.12096186028035,4.12049268736144,4.13192735642049,4.20208834948936,4.20013245890552,4.70387270766105,4.47554858171576,4.4798651073518,4.49195784783875,4.73136012125213,4.30499164548958,4.30493805588023,3.99709185987274,4.05257238322119,4.02592757274596,3.45884557751723,3.42091702352232,3.44054473689905,3.39760934927675,3.38766457980091
563_chr17,,1.21571854662612,0.851490176308963,0.900850026833352,0.856291416034841,2.81016016835053,2.84148993912997,2.83181274832775,2.79459802830308,2.7769606108945,6.96184590909556,6.34509225457047,4.80598485638127,4.84160888055629,4.83515412962859,4.85294728212751,4.64245670859336,4.65408377601962,4.66673739661375,4.78110332937137,4.77850156502016,5.46933414730752,5.20776438786638,5.21229995200241,5.22587445520693,5.44309434418796,5.04472040159492,4.98844424302604,4.57966167888087,4.62607497752374,4.57494106575269,3.93737883564672,3.88571296358473,3.90455389075579,3.87249538825169,3.8742328970769
590_chr17,,1.22608510053267,0.849947462060053,0.899808712766766,0.854907611046065,2.8270252719557,2.85838184811212,2.8484459965551,2.81081475369456,2.79378659740582,7.01332191612748,6.38719390414407,4.8346765163768,4.8704519945137,4.8638288237482,4.88146912421969,4.67035697204414,4.68263119503384,4.69535003021076,4.81208095174466,4.80944463278888,5.51028675862598,5.24693833936467,5.25148562218187,5.26513940051312,5.48117251963126,5.08429630008024,5.0250122029077,4.61082948711786,4.65675768421299,4.60431359194823,3.96298063020895,3.91057980401573,3.92937863768867,3.89790205456748,3.90026457175733
599_chr17,,1.1646218350992,0.859094209978748,0.905982660585024,0.863112186462356,2.7270321258445,2.75822977300523,2.7498275202481,2.7146658399684,2.69402537642069,6.70812083270286,6.13757335653911,4.66456375470795,4.69944126278229,4.6938166527042,4.71236321236448,4.50493639799441,4.51337363768847,4.52570581580958,4.62841472634412,4.62598328152988,5.26747885521358,5.01467610441922,5.01915390721274,5.03233766356748,5.25540713746163,4.84965092271577,4.80820088404241,4.42603565033094,4.47484001297342,4.43016397672575,3.81118767095395,3.76314438548796,3.78219279137857,3.74726601007048,3.74592285463667
