sequenceID,fold
100_chr1,2
100_chr11,6
100_chr17,6
100_chr2,1
100_chr3,2
100_chr4,6
101_chr1,5
101_chr11,3
101_chr17,3
101_chr2,4
101_chr3,5
101_chr4,6
102_chr1,2
102_chr11,4
102_chr17,6
102_chr2,6
102_chr3,4
102_chr4,3
103_chr1,6
103_chr11,2
103_chr17,1
103_chr2,1
103_chr22,6
103_chr3,5
103_chr4,4
103_chrX,5
104_chr1,2
104_chr11,2
104_chr17,3
104_chr2,1
104_chr3,6
104_chr4,3
105_chr1,4
105_chr11,2
105_chr17,2
105_chr2,6
105_chr3,3
105_chr4,6
106_chr1,2
106_chr11,3
106_chr14,5
106_chr16,3
106_chr17,2
106_chr3,4
106_chr4,2
106_chr5,5
106_chr6,2
106_chr8,5
106_chr9,2
107_chr1,4
107_chr11,3
107_chr17,2
107_chr2,4
107_chr3,1
107_chr4,4
108_chr1,6
108_chr11,2
108_chr17,2
108_chr2,3
108_chr3,4
108_chr4,5
109_chr1,4
109_chr11,6
109_chr17,4
109_chr2,6
109_chr3,1
109_chr4,2
109_chr8,2
10_chr1,3
10_chr11,5
10_chr17,2
10_chr2,1
10_chr3,5
10_chr4,3
110_chr1,5
110_chr11,5
110_chr17,6
110_chr2,6
110_chr3,1
110_chr4,2
111_chr1,3
111_chr11,2
111_chr17,2
111_chr2,4
111_chr3,3
111_chr4,3
112_chr1,3
112_chr11,4
112_chr17,6
112_chr2,5
112_chr3,4
112_chr4,4
113_chr1,5
113_chr10,4
113_chr11,3
113_chr13,2
113_chr17,3
113_chr2,2
113_chr3,3
113_chr4,6
113_chr6,3
113_chr7,2
113_chr9,5
114_chr1,2
114_chr11,2
114_chr17,6
114_chr2,2
114_chr3,6
114_chr4,6
115_chr1,6
115_chr11,5
115_chr17,5
115_chr2,6
115_chr3,4
115_chr4,2
116_chr1,5
116_chr11,4
116_chr14,6
116_chr17,4
116_chr2,4
116_chr3,6
116_chr4,1
116_chrX,5
117_chr1,5
117_chr11,5
117_chr17,1
117_chr2,4
117_chr3,3
117_chr4,5
118_chr1,2
118_chr11,1
118_chr17,2
118_chr3,1
118_chr4,2
119_chr1,5
119_chr11,6
119_chr17,5
119_chr2,1
119_chr3,2
119_chr4,2
11_chr1,4
11_chr11,5
11_chr14,4
11_chr16,3
11_chr17,5
11_chr2,2
11_chr21,2
11_chr3,4
11_chr4,4
11_chr7,4
11_chr9,5
120_chr1,2
120_chr11,4
120_chr17,4
120_chr2,1
120_chr3,4
120_chr4,6
121_chr1,2
121_chr11,2
121_chr17,2
121_chr2,4
121_chr3,1
121_chr4,3
122_chr1,5
122_chr11,4
122_chr17,4
122_chr2,2
122_chr3,1
122_chr4,3
123_chr1,5
123_chr11,1
123_chr12,3
123_chr14,6
123_chr16,3
123_chr17,5
123_chr19,4
123_chr2,4
123_chr3,6
123_chr4,2
123_chr7,5
123_chrX,1
124_chr1,3
124_chr11,6
124_chr17,1
124_chr2,2
124_chr3,5
124_chr4,1
125_chr1,3
125_chr11,5
125_chr17,4
125_chr2,4
125_chr3,4
125_chr4,2
126_chr1,2
126_chr11,4
126_chr17,3
126_chr2,2
126_chr3,5
126_chr4,4
127_chr1,2
127_chr11,5
127_chr17,2
127_chr2,6
127_chr3,4
127_chr4,1
128_chr1,4
128_chr11,4
128_chr12,4
128_chr17,6
128_chr2,2
128_chr3,4
128_chr4,4
128_chr6,1
129_chr1,3
129_chr11,6
129_chr17,1
129_chr2,4
129_chr3,1
129_chr4,3
129_chr9,6
12_chr1,4
12_chr11,3
12_chr14,1
12_chr17,6
12_chr2,3
12_chr22,1
12_chr3,2
12_chr4,1
12_chr6,2
12_chrX,5
130_chr1,2
130_chr11,3
130_chr17,1
130_chr2,5
130_chr3,3
130_chr4,1
131_chr1,5
131_chr11,4
131_chr17,2
131_chr2,1
131_chr3,2
131_chr4,1
132_chr1,6
132_chr11,1
132_chr17,1
132_chr2,6
132_chr3,3
132_chr4,4
133_chr1,3
133_chr11,6
133_chr2,1
133_chr3,2
133_chr4,3
134_chr1,3
134_chr11,1
134_chr17,4
134_chr2,1
134_chr3,1
134_chr4,4
135_chr1,3
135_chr11,6
135_chr17,2
135_chr2,6
135_chr3,1
135_chr4,5
136_chr1,5
136_chr11,2
136_chr17,1
136_chr2,6
136_chr3,1
136_chr4,1
137_chr1,1
137_chr11,6
137_chr17,3
137_chr2,5
137_chr3,2
137_chr4,3
138_chr1,6
138_chr11,4
138_chr17,6
138_chr2,1
138_chr3,4
138_chr4,1
139_chr1,4
139_chr11,3
139_chr17,4
139_chr2,2
139_chr22,2
139_chr3,6
139_chr4,1
139_chr7,4
139_chr9,3
13_chr1,5
13_chr11,6
13_chr17,3
13_chr2,6
13_chr3,2
13_chr4,4
140_chr1,3
140_chr11,3
140_chr17,2
140_chr2,3
140_chr3,2
140_chr4,1
141_chr1,4
141_chr11,4
141_chr17,6
141_chr2,4
141_chr3,3
141_chr4,4
142_chr1,3
142_chr11,2
142_chr17,2
142_chr2,4
142_chr3,5
142_chr4,5
143_chr1,1
143_chr11,4
143_chr17,1
143_chr2,4
143_chr3,5
143_chr4,1
144_chr1,4
144_chr11,3
144_chr17,5
144_chr2,6
144_chr3,5
144_chr4,3
145_chr1,6
145_chr11,2
145_chr12,4
145_chr17,3
145_chr19,5
145_chr2,3
145_chr3,1
145_chr4,4
145_chr6,6
145_chr7,3
146_chr1,1
146_chr11,1
146_chr17,4
146_chr2,4
146_chr3,6
146_chr4,3
147_chr1,2
147_chr11,2
147_chr17,4
147_chr2,4
147_chr3,3
147_chr4,6
148_chr1,4
148_chr11,3
148_chr17,2
148_chr2,4
148_chr3,2
148_chr4,2
149_chr1,5
149_chr11,6
149_chr17,1
149_chr2,5
149_chr20,6
149_chr3,5
149_chr4,5
149_chr6,2
14_chr1,2
14_chr11,4
14_chr17,5
14_chr18,2
14_chr2,3
14_chr3,2
14_chr4,6
150_chr1,4
150_chr11,3
150_chr17,2
150_chr2,4
150_chr3,3
150_chr4,1
151_chr1,3
151_chr11,2
151_chr17,6
151_chr2,6
151_chr3,4
151_chr4,2
152_chr1,1
152_chr11,6
152_chr17,1
152_chr2,5
152_chr3,4
152_chr4,1
153_chr1,1
153_chr11,4
153_chr17,1
153_chr18,4
153_chr2,1
153_chr3,2
153_chr4,5
153_chr7,5
154_chr1,1
154_chr11,5
154_chr17,3
154_chr2,2
154_chr3,1
154_chr4,6
155_chr1,2
155_chr11,1
155_chr17,6
155_chr2,5
155_chr3,3
155_chr4,4
156_chr1,3
156_chr11,2
156_chr17,3
156_chr2,2
156_chr3,1
156_chr4,2
157_chr1,5
157_chr11,3
157_chr17,1
157_chr2,4
157_chr3,6
157_chr4,5
158_chr1,6
158_chr11,1
158_chr17,4
158_chr2,3
158_chr3,6
158_chr4,3
159_chr1,1
159_chr11,3
159_chr17,3
159_chr2,6
159_chr3,2
159_chr4,1
15_chr1,5
15_chr10,3
15_chr11,2
15_chr17,3
15_chr2,1
15_chr3,2
15_chr4,5
15_chr6,1
160_chr1,4
160_chr11,6
160_chr17,2
160_chr2,4
160_chr3,1
160_chr4,6
161_chr1,3
161_chr17,5
161_chr2,1
161_chr3,4
161_chr4,3
162_chr1,1
162_chr11,1
162_chr17,3
162_chr19,2
162_chr2,4
162_chr22,2
162_chr3,5
162_chr4,4
162_chr5,5
162_chr7,1
162_chr8,2
163_chr1,6
163_chr11,1
163_chr17,6
163_chr2,4
163_chr3,4
163_chr4,6
164_chr1,1
164_chr11,4
164_chr17,5
164_chr2,5
164_chr3,1
164_chr4,3
165_chr1,2
165_chr11,3
165_chr17,3
165_chr2,1
165_chr3,2
165_chr4,2
166_chr1,6
166_chr11,2
166_chr17,4
166_chr2,2
166_chr3,1
166_chr4,6
167_chr1,1
167_chr11,1
167_chr17,1
167_chr2,3
167_chr3,6
167_chr4,6
168_chr1,4
168_chr11,1
168_chr17,2
168_chr2,5
168_chr3,4
168_chr4,1
169_chr1,3
169_chr11,4
169_chr17,2
169_chr2,1
169_chr3,1
169_chr4,1
16_chr1,5
16_chr11,4
16_chr17,4
16_chr2,3
16_chr3,2
16_chr4,5
170_chr1,3
170_chr11,4
170_chr17,5
170_chr2,5
170_chr3,2
170_chr4,5
171_chr1,5
171_chr11,5
171_chr17,6
171_chr2,3
171_chr3,1
171_chr4,2
172_chr1,3
172_chr11,2
172_chr17,2
172_chr2,3
172_chr3,1
172_chr4,6
173_chr1,5
173_chr11,5
173_chr15,6
173_chr16,5
173_chr17,1
173_chr19,5
173_chr2,1
173_chr3,3
173_chr4,4
173_chr8,1
173_chr9,4
175_chr1,1
175_chr11,6
175_chr17,3
175_chr2,2
175_chr3,1
175_chr4,5
176_chr1,4
176_chr11,6
176_chr17,4
176_chr2,3
176_chr3,1
176_chr4,5
177_chr1,2
177_chr11,6
177_chr17,3
177_chr2,2
177_chr3,1
177_chr4,6
178_chr1,5
178_chr11,6
178_chr17,3
178_chr2,3
178_chr3,6
178_chr4,2
17_chr1,2
17_chr11,6
17_chr14,4
17_chr17,1
17_chr2,2
17_chr3,3
17_chr4,3
180_chr1,4
180_chr11,1
180_chr17,4
180_chr2,5
180_chr3,3
180_chr4,2
181_chr11,6
181_chr17,4
181_chr2,5
181_chr3,1
181_chr4,3
182_chr1,2
182_chr11,2
182_chr17,2
182_chr2,1
182_chr3,2
183_chr1,6
183_chr11,3
183_chr17,3
183_chr2,2
183_chr3,3
183_chr4,2
184_chr1,6
184_chr11,2
184_chr17,6
184_chr2,3
184_chr3,4
184_chr4,5
185_chr1,5
185_chr11,4
185_chr17,4
185_chr2,2
185_chr3,1
185_chr4,1
186_chr1,4
186_chr11,2
186_chr17,4
186_chr2,1
186_chr3,5
186_chr4,1
187_chr1,2
187_chr11,2
187_chr17,1
187_chr2,2
187_chr3,4
187_chr4,6
188_chr1,6
188_chr11,6
188_chr2,3
188_chr3,3
188_chr4,2
188_chr6,4
188_chr9,5
189_chr1,5
189_chr11,1
189_chr15,4
189_chr17,6
189_chr18,1
189_chr2,4
189_chr20,1
189_chr3,2
189_chr4,2
189_chr5,4
189_chr7,5
189_chr9,1
189_chrX,3
18_chr1,6
18_chr10,1
18_chr11,5
18_chr17,1
18_chr2,4
18_chr20,5
18_chr3,3
18_chr4,3
18_chr6,2
18_chr7,1
18_chr9,1
18_chrX,6
190_chr1,2
190_chr11,5
190_chr17,6
190_chr2,3
190_chr3,2
190_chr4,1
191_chr1,4
191_chr11,6
191_chr17,5
191_chr2,3
191_chr3,4
191_chr4,1
192_chr1,6
192_chr11,5
192_chr17,4
192_chr2,2
192_chr3,4
192_chr4,2
193_chr1,3
193_chr11,2
193_chr17,1
193_chr2,2
193_chr3,6
193_chr4,6
194_chr1,2
194_chr11,1
194_chr17,6
194_chr2,3
194_chr3,3
194_chr4,1
195_chr1,6
195_chr11,1
195_chr17,6
195_chr2,1
195_chr3,3
195_chr4,2
196_chr1,6
196_chr10,4
196_chr11,4
196_chr14,6
196_chr17,6
196_chr19,4
196_chr2,2
196_chr3,4
196_chr4,2
196_chr9,1
197_chr1,5
197_chr11,5
197_chr17,5
197_chr2,1
197_chr3,5
197_chr4,5
198_chr1,4
198_chr11,3
198_chr17,1
198_chr2,4
198_chr3,5
198_chr4,1
199_chr1,3
199_chr11,3
199_chr17,2
199_chr2,5
199_chr3,4
199_chr4,5
19_chr1,3
19_chr11,5
19_chr17,1
19_chr2,3
19_chr3,2
19_chr4,5
1_chr1,6
1_chr11,4
1_chr15,1
1_chr17,3
1_chr19,2
1_chr2,4
1_chr3,1
1_chr4,6
1_chr6,5
1_chr7,3
1_chr9,2
1_chrX,3
200_chr1,4
200_chr11,1
200_chr17,4
200_chr2,5
200_chr3,6
200_chr4,4
201_chr1,3
201_chr11,4
201_chr17,6
201_chr2,4
201_chr3,4
201_chr4,3
202_chr1,1
202_chr11,6
202_chr17,6
202_chr2,4
202_chr3,3
202_chr4,1
203_chr1,1
203_chr11,5
203_chr17,3
203_chr2,1
203_chr3,2
203_chr4,4
204_chr1,6
204_chr11,2
204_chr17,5
204_chr2,1
204_chr3,6
204_chr4,6
205_chr1,3
205_chr11,3
205_chr17,6
205_chr2,6
205_chr3,1
205_chr4,4
206_chr1,4
206_chr11,1
206_chr17,4
206_chr2,1
206_chr3,5
206_chr4,5
207_chr1,4
207_chr10,2
207_chr11,5
207_chr12,6
207_chr15,1
207_chr17,1
207_chr18,5
207_chr19,4
207_chr2,6
207_chr21,5
207_chr22,4
207_chr3,1
207_chr4,2
207_chr5,5
208_chr1,6
208_chr11,5
208_chr17,4
208_chr2,5
208_chr3,2
208_chr4,5
209_chr1,4
209_chr11,5
209_chr17,6
209_chr2,5
209_chr3,2
209_chr4,2
20_chr1,3
20_chr11,1
20_chr17,1
20_chr2,1
20_chr3,1
20_chr4,3
210_chr1,4
210_chr11,5
210_chr17,5
210_chr2,3
210_chr3,1
210_chr4,5
211_chr1,4
211_chr11,4
211_chr2,4
211_chr3,2
211_chr4,6
212_chr1,5
212_chr11,1
212_chr17,5
212_chr2,6
212_chr3,4
212_chr4,4
213_chr1,5
213_chr11,1
213_chr17,5
213_chr2,3
213_chr3,6
213_chr4,6
214_chr1,6
214_chr11,4
214_chr17,1
214_chr2,2
214_chr3,5
214_chr4,2
215_chr1,5
215_chr11,6
215_chr17,1
215_chr2,6
215_chr3,4
215_chr4,4
216_chr1,3
216_chr11,6
216_chr17,6
216_chr2,2
216_chr3,3
216_chr4,1
217_chr1,4
217_chr11,5
217_chr16,2
217_chr17,1
217_chr2,1
217_chr3,6
217_chr4,1
218_chr1,6
218_chr11,1
218_chr17,5
218_chr2,6
218_chr3,4
218_chr4,1
219_chr1,6
219_chr11,3
219_chr17,1
219_chr2,1
219_chr3,6
219_chr4,4
219_chr5,4
21_chr1,6
21_chr11,3
21_chr17,1
21_chr2,2
21_chr3,5
21_chr4,5
220_chr1,4
220_chr10,2
220_chr11,1
220_chr17,1
220_chr19,3
220_chr2,2
220_chr20,2
220_chr3,3
220_chr4,5
220_chr7,6
220_chr9,2
221_chr1,1
221_chr11,6
221_chr17,6
221_chr2,3
221_chr3,4
221_chr4,5
222_chr1,3
222_chr11,4
222_chr17,2
222_chr2,3
222_chr3,6
222_chr4,5
223_chr1,6
223_chr11,4
223_chr17,5
223_chr2,1
223_chr3,3
223_chr4,2
224_chr1,6
224_chr11,3
224_chr17,3
224_chr2,3
224_chr3,4
224_chr4,2
225_chr1,6
225_chr11,4
225_chr17,4
225_chr2,3
225_chr3,4
225_chr4,4
226_chr1,2
226_chr11,5
226_chr17,6
226_chr2,6
226_chr3,3
226_chr4,5
227_chr1,4
227_chr11,1
227_chr2,6
227_chr3,1
227_chr4,6
228_chr1,4
228_chr11,5
228_chr17,6
228_chr2,1
228_chr3,5
228_chr4,6
229_chr1,6
229_chr11,6
229_chr17,3
229_chr2,6
229_chr3,2
229_chr4,1
22_chr1,2
22_chr11,1
22_chr12,1
22_chr13,5
22_chr17,5
22_chr19,5
22_chr2,3
22_chr21,6
22_chr3,5
22_chr4,3
22_chr9,3
230_chr1,1
230_chr11,2
230_chr17,3
230_chr2,2
230_chr3,4
230_chr4,6
231_chr1,3
231_chr11,3
231_chr17,2
231_chr2,2
231_chr3,5
231_chr4,5
232_chr1,1
232_chr11,5
232_chr17,3
232_chr2,4
232_chr3,1
232_chr4,3
233_chr1,2
233_chr11,6
233_chr17,4
233_chr2,6
233_chr3,2
233_chr4,3
234_chr1,5
234_chr11,2
234_chr17,1
234_chr2,2
234_chr3,3
234_chr4,6
235_chr1,5
235_chr11,2
235_chr17,2
235_chr2,6
235_chr3,5
235_chr4,5
236_chr1,3
236_chr11,6
236_chr17,2
236_chr2,3
236_chr3,5
236_chr4,4
237_chr1,4
237_chr11,1
237_chr17,6
237_chr2,6
237_chr3,2
237_chr4,2
238_chr1,1
238_chr11,2
238_chr17,2
238_chr2,1
238_chr3,2
238_chr4,6
239_chr1,6
239_chr11,5
239_chr17,4
239_chr2,5
239_chr3,3
239_chr4,2
23_chr1,3
23_chr11,6
23_chr17,3
23_chr2,3
23_chr3,6
23_chr4,2
240_chr1,1
240_chr11,2
240_chr17,6
240_chr2,6
240_chr3,5
240_chr4,3
241_chr1,4
241_chr11,4
241_chr17,2
241_chr2,6
241_chr3,6
241_chr4,5
242_chr1,3
242_chr11,6
242_chr17,2
242_chr2,2
242_chr3,3
242_chr4,3
243_chr1,2
243_chr11,5
243_chr17,2
243_chr2,5
243_chr3,1
243_chr4,3
244_chr1,5
244_chr11,5
244_chr17,1
244_chr2,6
244_chr3,3
244_chr4,1
245_chr1,1
245_chr11,2
245_chr17,1
245_chr2,2
245_chr3,5
245_chr4,1
246_chr1,2
246_chr11,2
246_chr17,5
246_chr2,6
246_chr3,4
246_chr4,6
247_chr1,2
247_chr11,1
247_chr17,5
247_chr2,4
247_chr20,6
247_chr3,3
247_chr4,1
247_chr5,3
247_chrX,1
248_chr1,3
248_chr11,4
248_chr17,5
248_chr2,5
248_chr3,4
248_chr4,6
249_chr1,4
249_chr11,3
249_chr17,1
249_chr2,3
249_chr3,2
249_chr4,6
24_chr1,4
24_chr11,2
24_chr17,1
24_chr2,3
24_chr3,6
24_chr4,5
251_chr1,4
251_chr11,3
251_chr17,5
251_chr2,2
251_chr3,3
251_chr4,5
252_chr1,6
252_chr11,1
252_chr17,2
252_chr2,6
252_chr3,1
252_chr4,5
253_chr1,6
253_chr11,1
253_chr17,6
253_chr2,1
253_chr3,1
253_chr4,4
254_chr1,6
254_chr11,5
254_chr17,1
254_chr2,5
254_chr3,1
254_chr4,1
255_chr1,5
255_chr11,1
255_chr17,5
255_chr2,5
255_chr3,2
255_chr4,5
256_chr1,4
256_chr11,5
256_chr17,5
256_chr2,1
256_chr3,6
256_chr4,4
257_chr1,2
257_chr10,6
257_chr11,3
257_chr17,4
257_chr2,3
257_chr3,5
257_chr4,6
258_chr1,3
258_chr11,3
258_chr17,4
258_chr2,4
258_chr3,2
258_chr4,3
259_chr1,4
259_chr11,2
259_chr17,2
259_chr2,1
259_chr3,5
259_chr4,4
25_chr1,6
25_chr11,4
25_chr17,2
25_chr2,5
25_chr20,5
25_chr3,5
25_chr4,3
260_chr1,4
260_chr11,2
260_chr17,3
260_chr2,4
260_chr3,2
260_chr4,2
261_chr1,5
261_chr11,3
261_chr17,4
261_chr2,5
261_chr3,1
261_chr4,3
262_chr1,2
262_chr11,4
262_chr17,4
262_chr2,1
262_chr3,1
262_chr4,3
263_chr1,3
263_chr11,5
263_chr17,4
263_chr2,4
263_chr3,6
263_chr4,5
264_chr11,5
264_chr17,5
264_chr2,2
264_chr3,2
264_chr4,4
265_chr1,6
265_chr11,2
265_chr17,1
265_chr2,6
265_chr3,6
265_chr4,3
266_chr1,5
266_chr11,4
266_chr17,3
266_chr2,3
266_chr3,3
266_chr4,6
267_chr1,5
267_chr11,6
267_chr2,1
267_chr3,5
267_chr4,4
268_chr1,1
268_chr11,6
268_chr17,3
268_chr2,5
268_chr3,6
268_chr4,5
268_chr7,1
269_chr1,6
269_chr11,3
269_chr17,1
269_chr19,5
269_chr2,3
269_chr3,2
269_chr4,3
269_chr5,4
26_chr1,1
26_chr11,1
26_chr12,2
26_chr17,2
26_chr2,5
26_chr3,2
26_chr4,6
26_chr8,3
270_chr1,6
270_chr11,6
270_chr14,5
270_chr16,2
270_chr17,5
270_chr2,6
270_chr21,5
270_chr3,6
270_chr4,3
270_chr7,4
270_chrX,4
271_chr1,2
271_chr11,1
271_chr17,4
271_chr2,6
271_chr3,5
271_chr4,5
272_chr1,4
272_chr11,2
272_chr17,1
272_chr2,2
272_chr3,3
272_chr4,4
273_chr1,6
273_chr11,1
273_chr17,4
273_chr19,1
273_chr2,3
273_chr3,3
273_chr4,6
273_chr6,2
273_chr8,3
274_chr1,4
274_chr11,4
274_chr17,3
274_chr2,6
274_chr3,1
274_chr4,5
275_chr1,3
275_chr11,6
275_chr17,3
275_chr18,3
275_chr2,3
275_chr3,6
275_chr4,2
275_chr9,4
276_chr1,1
276_chr11,5
276_chr17,2
276_chr2,6
276_chr3,5
276_chr4,2
277_chr1,2
277_chr11,1
277_chr17,1
277_chr2,3
277_chr3,4
277_chr4,5
278_chr1,5
278_chr11,2
278_chr17,2
278_chr2,5
278_chr3,2
278_chr4,6
279_chr1,5
279_chr11,2
279_chr17,5
279_chr2,5
279_chr3,1
279_chr4,4
27_chr1,6
27_chr11,4
27_chr17,3
27_chr2,6
27_chr3,3
27_chr4,1
27_chr9,1
281_chr1,1
281_chr11,1
281_chr2,5
281_chr3,2
281_chr4,4
282_chr1,5
282_chr11,3
282_chr17,2
282_chr2,6
282_chr3,6
282_chr4,1
283_chr1,6
283_chr11,5
283_chr17,5
283_chr2,6
283_chr3,1
283_chr4,6
284_chr1,6
284_chr11,4
284_chr17,5
284_chr2,3
284_chr3,4
284_chr4,5
285_chr1,6
285_chr11,2
285_chr17,5
285_chr2,4
285_chr3,2
285_chr4,3
286_chr1,4
286_chr11,1
286_chr17,5
286_chr2,6
286_chr3,2
286_chr4,3
287_chr1,2
287_chr11,1
287_chr2,6
287_chr3,2
288_chr1,3
288_chr11,5
288_chr17,1
288_chr2,4
288_chr3,2
288_chr4,3
289_chr1,6
289_chr11,4
289_chr17,4
289_chr2,4
289_chr3,1
289_chr4,2
28_chr1,6
28_chr11,5
28_chr17,1
28_chr2,3
28_chr3,4
28_chr4,2
290_chr1,4
290_chr11,6
290_chr2,4
290_chr3,1
290_chr4,6
291_chr1,2
291_chr11,5
291_chr17,1
291_chr2,5
291_chr3,4
291_chr4,4
294_chr1,1
294_chr11,3
294_chr2,2
294_chr3,3
294_chr4,5
295_chr1,3
295_chr11,1
295_chr17,2
295_chr2,3
295_chr3,6
295_chr4,4
296_chr1,4
296_chr11,3
296_chr17,4
296_chr2,4
296_chr3,2
296_chr4,3
297_chr1,6
297_chr11,3
297_chr17,5
297_chr2,1
297_chr3,3
297_chr4,6
298_chr1,1
298_chr11,3
298_chr17,4
298_chr2,6
298_chr3,6
298_chr4,1
299_chr1,3
299_chr11,6
299_chr17,5
299_chr2,3
299_chr3,4
299_chr4,1
29_chr1,6
29_chr11,1
29_chr14,3
29_chr17,6
29_chr2,4
29_chr3,6
29_chr4,3
2_chr1,1
2_chr11,3
2_chr17,1
2_chr19,1
2_chr2,5
2_chr3,3
2_chr4,3
2_chrX,2
300_chr1,2
300_chr11,2
300_chr17,2
300_chr2,4
300_chr3,6
300_chr4,3
301_chr1,5
301_chr11,5
301_chr17,2
301_chr2,4
301_chr3,2
301_chr4,5
302_chr1,6
302_chr11,2
302_chr17,3
302_chr2,5
302_chr3,4
304_chr1,1
304_chr11,1
304_chr17,5
304_chr2,5
304_chr3,3
304_chr4,6
305_chr1,6
305_chr11,3
305_chr17,5
305_chr2,2
305_chr3,5
305_chr4,2
306_chr1,3
306_chr11,3
306_chr2,6
306_chr3,5
306_chr4,2
307_chr1,2
307_chr11,5
307_chr17,5
307_chr2,1
307_chr3,2
307_chr4,4
308_chr1,3
308_chr11,6
308_chr17,6
308_chr2,4
308_chr3,2
308_chr4,1
309_chr1,4
309_chr11,5
309_chr17,3
309_chr2,3
309_chr3,4
309_chr4,2
30_chr1,2
30_chr11,1
30_chr17,1
30_chr2,1
30_chr3,3
30_chr4,1
30_chr7,1
310_chr1,2
310_chr11,2
310_chr17,1
310_chr2,3
310_chr3,2
310_chr4,5
311_chr1,4
311_chr11,3
311_chr15,6
311_chr16,6
311_chr17,6
311_chr2,2
311_chr20,5
311_chr3,5
311_chr4,1
311_chr7,4
311_chr9,5
312_chr11,2
312_chr17,3
312_chr2,2
312_chr3,4
312_chr4,6
313_chr1,4
313_chr11,6
313_chr17,2
313_chr2,4
313_chr3,3
313_chr4,4
314_chr1,6
314_chr11,1
314_chr14,1
314_chr17,6
314_chr2,2
314_chr3,6
314_chr4,1
314_chr5,5
314_chr8,2
314_chr9,5
314_chrX,2
315_chr1,2
315_chr11,6
315_chr17,5
315_chr2,4
315_chr3,6
315_chr4,1
316_chr1,5
316_chr10,6
316_chr11,3
316_chr12,4
316_chr15,4
316_chr17,6
316_chr19,1
316_chr2,1
316_chr20,4
316_chr3,1
316_chr4,1
316_chr7,3
317_chr1,5
317_chr11,2
317_chr17,3
317_chr2,1
317_chr3,6
317_chr4,4
318_chr1,5
318_chr11,5
318_chr17,1
318_chr2,1
318_chr3,4
318_chr4,5
319_chr1,5
319_chr11,5
319_chr17,4
319_chr2,2
319_chr3,3
319_chr4,6
31_chr1,4
31_chr11,3
31_chr17,6
31_chr2,2
31_chr3,4
31_chr4,4
320_chr1,6
320_chr11,5
320_chr17,4
320_chr2,5
320_chr3,5
320_chr4,3
321_chr1,5
321_chr11,6
321_chr17,4
321_chr2,4
321_chr3,3
321_chr4,6
322_chr1,6
322_chr11,2
322_chr17,3
322_chr2,1
322_chr3,1
322_chr4,4
323_chr1,6
323_chr11,2
323_chr17,1
323_chr2,1
323_chr3,1
323_chr4,6
324_chr1,3
324_chr11,6
324_chr17,3
324_chr2,1
324_chr3,2
324_chr4,4
325_chr1,3
325_chr11,2
325_chr17,2
325_chr2,6
325_chr3,4
325_chr4,2
326_chr1,2
326_chr11,2
326_chr17,3
326_chr2,1
326_chr3,2
326_chr4,6
327_chr1,2
327_chr11,2
327_chr17,4
327_chr2,5
327_chr3,6
327_chr4,3
328_chr1,2
328_chr11,1
328_chr17,4
328_chr2,1
328_chr3,3
328_chr4,3
329_chr1,5
329_chr11,3
329_chr17,4
329_chr18,4
329_chr2,5
329_chr3,6
329_chr4,1
329_chr6,4
329_chr8,1
329_chr9,5
32_chr1,6
32_chr11,4
32_chr17,5
32_chr2,5
32_chr3,5
32_chr4,2
330_chr1,6
330_chr11,6
330_chr15,4
330_chr16,4
330_chr17,1
330_chr2,1
330_chr3,2
330_chr4,4
331_chr1,4
331_chr11,5
331_chr12,1
331_chr16,1
331_chr17,6
331_chr2,4
331_chr20,4
331_chr4,4
331_chr5,1
331_chr6,1
332_chr1,6
332_chr10,6
332_chr11,4
332_chr12,2
332_chr13,3
332_chr14,3
332_chr16,5
332_chr17,1
332_chr18,6
332_chr2,1
332_chr3,4
332_chr4,5
332_chr6,3
332_chr7,3
332_chr8,1
332_chr9,6
332_chrX,1
333_chr1,6
333_chr11,2
333_chr17,6
333_chr2,1
333_chr3,4
333_chr4,4
334_chr1,3
334_chr11,6
334_chr17,3
334_chr2,5
334_chr3,3
334_chr4,2
335_chr1,4
335_chr11,3
335_chr17,1
335_chr2,4
335_chr3,2
335_chr4,3
336_chr1,2
336_chr11,1
336_chr17,5
336_chr2,5
336_chr3,6
336_chr4,4
337_chr1,1
337_chr11,3
337_chr17,6
337_chr2,4
337_chr3,1
337_chr4,1
338_chr1,6
338_chr11,6
338_chr17,3
338_chr2,6
338_chr3,6
338_chr4,1
339_chr1,6
339_chr11,3
339_chr17,4
339_chr2,2
339_chr3,4
339_chr4,1
33_chr1,5
33_chr11,6
33_chr17,2
33_chr2,5
33_chr3,6
33_chr4,6
33_chr6,5
33_chr7,5
33_chr8,5
33_chr9,6
340_chr1,4
340_chr11,3
340_chr17,3
340_chr19,2
340_chr2,3
340_chr3,6
340_chr4,5
340_chr6,6
340_chr9,4
341_chr1,6
341_chr10,5
341_chr11,5
341_chr12,4
341_chr14,5
341_chr17,2
341_chr2,4
341_chr21,1
341_chr3,2
341_chr4,2
341_chr5,4
341_chr6,6
341_chr7,1
341_chr9,2
341_chrX,6
342_chr1,2
342_chr11,5
342_chr12,2
342_chr14,2
342_chr17,6
342_chr2,6
342_chr3,1
342_chr4,6
343_chr1,3
343_chr11,5
343_chr15,3
343_chr17,4
343_chr2,5
343_chr3,1
343_chr4,2
343_chrX,5
344_chr1,4
344_chr11,4
344_chr17,3
344_chr2,4
344_chr3,6
344_chr4,5
345_chr1,4
345_chr11,1
345_chr17,3
345_chr2,5
345_chr3,3
345_chr4,2
346_chr1,6
346_chr11,5
346_chr17,3
346_chr2,1
346_chr3,1
346_chr4,6
347_chr1,6
347_chr11,2
347_chr17,4
347_chr2,4
347_chr3,3
347_chr4,6
348_chr1,4
348_chr11,2
348_chr13,4
348_chr14,3
348_chr17,1
348_chr2,4
348_chr3,3
348_chr4,5
349_chr1,5
349_chr11,6
349_chr17,4
349_chr2,4
349_chr3,2
349_chr4,5
34_chr1,6
34_chr11,6
34_chr17,6
34_chr2,6
34_chr3,3
34_chr4,2
350_chr1,5
350_chr11,6
350_chr17,3
350_chr2,6
350_chr3,1
350_chr4,2
351_chr1,3
351_chr11,2
351_chr17,1
351_chr2,5
351_chr3,2
351_chr4,1
352_chr1,5
352_chr11,2
352_chr17,1
352_chr2,5
352_chr3,2
352_chr4,6
353_chr1,1
353_chr11,6
353_chr17,6
353_chr2,5
353_chr3,6
353_chr4,2
354_chr1,2
354_chr11,5
354_chr17,3
354_chr2,6
354_chr3,6
354_chr4,4
355_chr1,3
355_chr11,5
355_chr17,2
355_chr2,4
355_chr3,3
355_chr4,6
356_chr1,5
356_chr11,2
356_chr17,3
356_chr2,1
356_chr3,5
356_chr4,3
357_chr1,4
357_chr11,3
357_chr13,2
357_chr17,3
357_chr2,3
357_chr3,4
357_chr4,2
357_chrX,5
358_chr1,6
358_chr11,3
358_chr12,6
358_chr17,4
358_chr2,5
358_chr3,6
358_chr4,3
358_chr6,1
358_chrX,1
359_chr1,1
359_chr11,6
359_chr17,6
359_chr2,3
359_chr3,5
359_chr4,3
35_chr1,2
35_chr11,5
35_chr17,4
35_chr2,6
35_chr22,1
35_chr3,6
35_chr4,6
35_chr7,1
360_chr1,1
360_chr11,2
360_chr17,1
360_chr2,3
360_chr3,2
360_chr4,3
360_chr5,1
360_chrX,5
361_chr1,1
361_chr11,3
361_chr17,5
361_chr2,2
361_chr3,2
361_chr4,3
362_chr1,2
362_chr11,5
362_chr17,1
362_chr19,4
362_chr2,3
362_chr3,4
362_chr4,1
362_chr8,2
363_chr1,1
363_chr11,6
363_chr17,1
363_chr2,5
363_chr3,3
363_chr4,5
364_chr1,2
364_chr11,2
364_chr17,3
364_chr2,1
364_chr3,3
365_chr1,2
365_chr11,4
365_chr17,1
365_chr2,6
365_chr3,1
365_chr4,3
365_chrX,5
366_chr1,5
366_chr11,4
366_chr17,3
366_chr2,1
366_chr3,4
366_chr4,1
367_chr1,5
367_chr11,4
367_chr17,2
367_chr2,3
367_chr3,5
367_chr4,4
368_chr11,1
368_chr17,2
368_chr2,3
368_chr9,6
369_chr1,3
369_chr11,6
369_chr16,2
369_chr17,1
369_chr19,3
369_chr2,4
369_chr3,4
369_chr4,3
36_chr1,1
36_chr11,6
36_chr17,6
36_chr2,5
36_chr3,5
36_chr4,5
371_chr1,4
371_chr10,3
371_chr11,3
371_chr14,1
371_chr16,1
371_chr17,5
371_chr2,5
371_chr3,2
371_chr4,1
371_chr9,3
373_chr1,3
373_chr11,5
373_chr13,6
373_chr14,2
373_chr17,4
373_chr2,6
373_chr3,5
373_chr4,5
373_chrX,1
375_chr1,5
375_chr12,4
375_chr14,4
375_chr17,4
375_chr2,3
375_chr3,5
375_chr4,1
375_chr7,2
376_chr1,1
376_chr11,2
376_chr17,6
376_chr2,4
376_chr3,3
376_chr4,3
377_chr1,4
377_chr11,3
377_chr17,4
377_chr2,2
377_chr3,4
377_chr4,5
377_chrX,2
378_chr1,5
378_chr10,2
378_chr11,2
378_chr17,1
378_chr2,2
378_chr3,2
378_chr4,2
378_chr7,2
379_chr1,4
379_chr11,1
379_chr17,5
379_chr2,6
379_chr3,4
379_chr4,4
379_chr5,6
379_chrX,1
37_chr1,6
37_chr11,6
37_chr17,1
37_chr2,2
37_chr3,3
37_chr4,6
380_chr1,3
380_chr11,5
380_chr12,5
380_chr17,3
380_chr19,6
380_chr2,2
380_chr3,2
380_chr4,6
381_chr1,2
381_chr11,5
381_chr12,5
381_chr17,3
381_chr2,4
381_chr3,6
381_chr4,2
382_chr1,6
382_chr11,6
382_chr17,4
382_chr2,4
382_chr3,4
382_chr4,3
383_chr1,5
383_chr11,2
383_chr17,5
383_chr2,3
383_chr3,4
383_chr4,5
383_chrX,3
384_chr1,3
384_chr11,6
384_chr17,6
384_chr2,3
384_chr3,4
384_chr4,5
385_chr1,4
385_chr11,3
385_chr17,6
385_chr2,5
385_chr3,1
385_chr4,3
386_chr1,2
386_chr11,4
386_chr17,3
386_chr2,5
386_chr3,2
386_chr4,2
387_chr1,4
387_chr11,3
387_chr14,3
387_chr17,4
387_chr2,2
387_chr3,2
387_chr4,2
387_chr5,6
388_chr1,6
388_chr11,5
388_chr17,1
388_chr2,6
388_chr3,6
388_chr4,6
389_chr1,6
389_chr11,4
389_chr17,1
389_chr2,4
389_chr3,1
389_chr4,2
38_chr1,3
38_chr17,4
38_chr2,6
38_chr3,5
38_chr4,3
390_chr1,4
390_chr11,3
390_chr17,5
390_chr2,6
390_chr3,3
390_chr4,4
391_chr1,5
391_chr11,6
391_chr17,4
391_chr2,1
391_chr3,6
391_chr4,2
392_chr1,1
392_chr11,3
392_chr17,6
392_chr2,4
392_chr3,3
392_chr4,3
393_chr1,1
393_chr11,6
393_chr17,3
393_chr2,4
393_chr3,3
393_chr4,1
394_chr1,1
394_chr11,3
394_chr17,5
394_chr2,4
394_chr3,5
394_chr4,3
395_chr1,4
395_chr11,5
395_chr17,5
395_chr2,4
395_chr3,1
395_chr4,1
396_chr1,1
396_chr11,1
396_chr17,3
396_chr2,6
396_chr3,5
396_chr4,1
397_chr1,1
397_chr11,4
397_chr17,2
397_chr2,3
397_chr3,3
397_chr4,4
398_chr1,1
398_chr11,5
398_chr17,1
398_chr2,4
398_chr3,2
398_chr4,5
399_chr1,3
399_chr11,5
399_chr17,3
399_chr2,6
399_chr3,1
399_chr4,6
39_chr1,3
39_chr11,3
39_chr17,6
39_chr18,5
39_chr2,3
39_chr20,1
39_chr3,6
39_chr4,3
39_chr7,2
39_chr8,1
400_chr1,2
400_chr11,5
400_chr17,5
400_chr2,2
400_chr3,4
400_chr4,1
401_chr1,5
401_chr11,5
401_chr17,3
401_chr2,4
401_chr3,4
401_chr4,5
402_chr1,3
402_chr11,3
402_chr17,6
402_chr2,6
402_chr3,1
402_chr4,4
403_chr1,4
403_chr11,5
403_chr17,1
403_chr2,4
403_chr3,2
403_chr4,5
405_chr1,4
405_chr11,1
405_chr17,6
405_chr2,6
405_chr3,1
405_chr4,1
406_chr1,6
406_chr11,4
406_chr17,4
406_chr2,3
406_chr3,5
406_chr4,1
407_chr1,2
407_chr11,5
407_chr17,6
407_chr2,6
407_chr3,4
407_chr4,4
408_chr1,3
408_chr11,4
408_chr17,3
408_chr2,4
408_chr3,6
408_chr4,6
409_chr1,1
409_chr11,1
409_chr17,5
409_chr2,1
409_chr3,5
409_chr4,2
40_chr1,5
40_chr11,1
40_chr17,1
40_chr2,2
40_chr3,1
40_chr4,6
410_chr1,1
410_chr11,5
410_chr17,2
410_chr2,6
410_chr3,6
410_chr4,3
411_chr1,5
411_chr11,4
411_chr17,3
411_chr2,3
411_chr3,1
411_chr4,1
412_chr1,6
412_chr11,1
412_chr17,1
412_chr2,2
412_chr3,4
412_chr4,1
413_chr1,4
413_chr11,6
413_chr17,1
413_chr2,6
413_chr3,4
413_chr4,3
414_chr1,1
414_chr11,1
414_chr17,1
414_chr2,3
414_chr3,2
414_chr4,4
415_chr1,4
415_chr11,5
415_chr17,1
415_chr2,6
415_chr3,1
415_chr4,6
416_chr1,3
416_chr11,5
416_chr17,4
416_chr2,2
416_chr3,6
416_chr4,6
417_chr1,3
417_chr11,2
417_chr17,4
417_chr2,2
417_chr3,4
417_chr4,1
418_chr1,2
418_chr11,3
418_chr17,5
418_chr2,6
418_chr3,5
418_chr4,4
419_chr1,2
419_chr11,5
419_chr17,4
419_chr2,4
419_chr3,2
419_chr4,1
41_chr1,1
41_chr11,2
41_chr17,5
41_chr2,4
41_chr3,6
41_chr4,5
420_chr1,2
420_chr11,1
420_chr17,6
420_chr2,3
420_chr3,5
420_chr4,2
421_chr1,1
421_chr11,2
421_chr17,4
421_chr2,6
421_chr3,6
421_chr4,5
421_chr5,5
422_chr1,6
422_chr11,2
422_chr17,1
422_chr2,4
422_chr3,1
422_chr4,1
423_chr1,3
423_chr11,3
423_chr17,4
423_chr2,5
423_chr3,4
423_chr4,6
424_chr1,4
424_chr11,2
424_chr17,5
424_chr2,1
424_chr3,4
424_chr4,6
425_chr1,5
425_chr11,2
425_chr17,3
425_chr2,4
425_chr3,4
425_chr4,2
427_chr1,6
427_chr11,3
427_chr17,4
427_chr2,6
427_chr3,5
427_chr4,2
428_chr1,4
428_chr11,6
428_chr17,2
428_chr2,5
428_chr3,3
428_chr4,4
429_chr1,5
429_chr11,3
429_chr17,1
429_chr2,1
429_chr3,1
429_chr4,5
429_chr5,6
429_chr6,3
42_chr1,6
42_chr11,4
42_chr17,6
42_chr2,4
42_chr3,3
42_chr4,1
430_chr1,4
430_chr11,5
430_chr17,4
430_chr2,6
430_chr3,1
430_chr4,1
431_chr1,1
431_chr11,3
431_chr17,6
431_chr2,4
431_chr3,2
431_chr4,2
432_chr1,6
432_chr11,4
432_chr17,3
432_chr2,1
432_chr3,3
432_chr4,3
433_chr1,5
433_chr11,2
433_chr17,2
433_chr2,6
433_chr3,1
433_chr4,2
434_chr1,2
434_chr11,5
434_chr17,6
434_chr2,6
434_chr3,4
434_chr4,5
435_chr1,3
435_chr11,3
435_chr17,4
435_chr2,1
435_chr3,1
435_chr4,2
436_chr1,6
436_chr11,4
436_chr17,2
436_chr2,2
436_chr3,2
436_chr4,5
437_chr1,1
437_chr11,6
437_chr17,6
437_chr2,2
437_chr3,5
437_chr4,6
438_chr1,4
438_chr11,6
438_chr17,5
438_chr2,6
438_chr3,2
438_chr4,1
439_chr1,5
439_chr11,3
439_chr17,4
439_chr2,2
439_chr3,5
439_chr4,2
43_chr1,2
43_chr11,4
43_chr17,4
43_chr2,3
43_chr3,1
43_chr4,2
440_chr1,3
440_chr11,6
440_chr2,5
440_chr3,2
440_chr4,1
441_chr1,6
441_chr11,2
441_chr17,5
441_chr2,5
441_chr3,3
441_chr4,1
442_chr1,5
442_chr11,4
442_chr17,1
442_chr2,2
442_chr3,4
442_chr4,5
443_chr1,3
443_chr11,6
443_chr17,1
443_chr2,6
443_chr3,1
443_chr4,5
444_chr1,6
444_chr11,1
444_chr17,3
444_chr2,5
444_chr3,4
444_chr4,5
445_chr1,3
445_chr11,5
445_chr17,2
445_chr2,1
445_chr3,6
445_chr4,5
446_chr1,4
446_chr10,6
446_chr11,5
446_chr17,4
446_chr2,5
446_chr3,2
446_chr4,3
446_chr8,4
446_chr9,5
447_chr1,3
447_chr11,1
447_chr17,5
447_chr2,5
447_chr3,2
447_chr4,6
448_chr1,3
448_chr11,6
448_chr17,6
448_chr2,6
448_chr3,5
448_chr4,2
449_chr1,4
449_chr11,6
449_chr17,5
449_chr2,4
449_chr3,4
449_chr4,1
44_chr1,1
44_chr11,5
44_chr17,5
44_chr19,2
44_chr2,2
44_chr3,3
44_chr4,2
44_chr5,4
44_chr7,3
450_chr1,5
450_chr11,1
450_chr17,3
450_chr2,5
450_chr3,1
450_chr4,3
451_chr1,4
451_chr11,2
451_chr17,2
451_chr2,2
451_chr3,3
451_chr4,6
452_chr1,2
452_chr11,3
452_chr17,5
452_chr2,2
452_chr3,1
452_chr4,5
453_chr1,6
453_chr11,3
453_chr17,5
453_chr2,2
453_chr3,2
453_chr4,1
454_chr1,3
454_chr11,2
454_chr17,3
454_chr2,6
454_chr3,2
454_chr4,6
455_chr1,5
455_chr11,4
455_chr17,6
455_chr2,1
455_chr3,2
455_chr4,1
456_chr1,2
456_chr11,5
456_chr17,2
456_chr2,3
456_chr3,4
456_chr4,5
457_chr1,4
457_chr11,4
457_chr17,3
457_chr2,5
457_chr3,3
457_chr4,3
458_chr1,5
458_chr11,6
458_chr17,2
458_chr2,1
458_chr3,3
458_chr4,5
459_chr1,6
459_chr11,3
459_chr17,6
459_chr2,1
459_chr3,5
459_chr4,2
45_chr1,4
45_chr11,3
45_chr17,3
45_chr2,3
45_chr3,6
45_chr4,4
460_chr1,3
460_chr11,1
460_chr17,4
460_chr2,6
460_chr3,2
460_chr4,6
462_chr1,2
462_chr11,6
462_chr17,5
462_chr2,3
462_chr3,2
462_chr4,5
463_chr1,4
463_chr11,2
463_chr17,3
463_chr2,1
463_chr3,2
463_chr4,1
464_chr1,6
464_chr11,1
464_chr17,1
464_chr2,3
464_chr3,4
464_chr4,1
465_chr1,6
465_chr11,2
465_chr17,2
465_chr2,1
465_chr3,5
465_chr4,1
466_chr1,1
466_chr11,1
466_chr17,1
466_chr2,4
466_chr3,4
466_chr4,3
468_chr1,3
468_chr11,2
468_chr17,5
468_chr2,6
468_chr3,4
468_chr4,5
469_chr1,2
469_chr11,5
469_chr17,6
469_chr2,5
469_chr3,5
469_chr4,1
46_chr1,3
46_chr11,3
46_chr17,6
46_chr2,6
46_chr3,1
46_chr4,6
470_chr1,4
470_chr11,3
470_chr17,6
470_chr2,1
470_chr3,2
470_chr4,1
470_chr9,5
471_chr1,1
471_chr11,4
471_chr17,4
471_chr2,6
471_chr3,2
471_chr4,5
472_chr1,2
472_chr11,5
472_chr17,4
472_chr2,6
472_chr3,6
472_chr4,1
473_chr1,2
473_chr11,1
473_chr17,5
473_chr2,4
473_chr3,2
473_chr4,3
474_chr1,2
474_chr11,2
474_chr17,5
474_chr2,1
474_chr3,4
474_chr4,5
475_chr1,4
475_chr11,5
475_chr17,3
475_chr2,3
475_chr3,6
475_chr4,4
476_chr1,6
476_chr11,6
476_chr17,4
476_chr2,1
476_chr3,1
476_chr4,2
477_chr1,1
477_chr11,3
477_chr17,6
477_chr2,6
477_chr3,1
477_chr4,2
478_chr1,3
478_chr11,1
478_chr17,5
478_chr2,3
478_chr3,1
478_chr4,2
479_chr1,6
479_chr11,2
479_chr17,4
479_chr2,6
479_chr3,3
479_chr4,6
479_chr9,2
47_chr1,6
47_chr11,5
47_chr17,2
47_chr2,5
47_chr3,2
47_chr4,6
480_chr1,4
480_chr11,1
480_chr17,4
480_chr2,3
480_chr3,3
480_chr4,4
480_chr9,3
481_chr1,6
481_chr11,3
481_chr17,3
481_chr2,1
481_chr3,2
481_chr4,2
482_chr1,3
482_chr11,2
482_chr17,3
482_chr2,5
482_chr3,4
482_chr4,6
482_chr5,2
482_chr8,6
483_chr1,2
483_chr11,2
483_chr17,6
483_chr2,5
483_chr3,1
483_chr4,2
484_chr1,2
484_chr11,5
484_chr17,2
484_chr2,3
484_chr3,1
484_chr4,6
485_chr1,3
485_chr11,3
485_chr17,3
485_chr2,2
485_chr3,3
485_chr4,3
486_chr1,5
486_chr11,5
486_chr17,4
486_chr2,4
486_chr3,3
486_chr4,4
487_chr1,3
487_chr11,4
487_chr17,5
487_chr2,4
487_chr3,1
487_chr4,6
487_chr6,2
488_chr1,4
488_chr11,6
488_chr17,6
488_chr2,1
488_chr3,1
488_chr4,4
489_chr1,3
489_chr11,3
489_chr17,4
489_chr2,4
489_chr3,3
489_chr4,4
48_chr1,3
48_chr11,6
48_chr17,4
48_chr2,2
48_chr3,6
48_chr4,1
490_chr1,4
490_chr11,2
490_chr17,5
490_chr2,3
490_chr3,5
490_chr4,3
491_chr1,4
491_chr11,5
491_chr17,5
491_chr2,3
491_chr3,6
491_chr4,2
492_chr1,5
492_chr11,4
492_chr17,1
492_chr2,4
492_chr3,6
492_chr4,2
493_chr1,5
493_chr11,4
493_chr17,2
493_chr2,4
493_chr3,1
493_chr4,1
494_chr1,4
494_chr11,2
494_chr17,2
494_chr2,3
494_chr3,1
494_chr4,2
495_chr1,5
495_chr11,1
495_chr2,4
495_chr3,2
495_chr4,1
495_chr8,4
496_chr1,1
496_chr11,1
496_chr17,4
496_chr2,5
496_chr3,5
496_chr4,4
498_chr1,2
498_chr11,6
498_chr17,1
498_chr2,5
498_chr3,2
498_chr4,5
499_chr1,6
499_chr11,3
499_chr17,6
499_chr2,2
499_chr3,1
499_chr4,6
49_chr1,1
49_chr11,6
49_chr17,1
49_chr2,1
49_chr3,6
49_chr4,2
4_chr1,3
4_chr11,6
4_chr17,4
4_chr2,5
4_chr3,5
4_chr4,6
4_chr6,3
501_chr1,2
501_chr11,6
501_chr17,2
501_chr2,3
501_chr3,1
501_chr4,4
503_chr1,2
503_chr10,1
503_chr11,6
503_chr14,3
503_chr17,4
503_chr2,2
503_chr3,5
503_chr4,2
503_chr6,6
503_chr8,5
503_chrX,6
504_chr1,1
504_chr11,2
504_chr16,3
504_chr19,6
504_chr2,1
504_chr3,6
504_chr4,1
504_chr8,5
505_chr1,1
505_chr10,2
505_chr11,4
505_chr13,2
505_chr14,2
505_chr16,2
505_chr17,3
505_chr2,2
505_chr3,1
505_chr4,3
505_chr5,3
505_chr9,4
505_chrX,3
506_chr1,2
506_chr11,4
506_chr17,1
506_chr2,1
506_chr21,6
506_chr3,6
506_chr4,4
506_chr9,5
507_chr1,6
507_chr11,3
507_chr17,4
507_chr2,1
507_chr3,5
507_chr4,4
508_chr1,1
508_chr11,2
508_chr17,3
508_chr2,1
508_chr3,6
508_chr4,1
509_chr1,4
509_chr11,5
509_chr17,3
509_chr2,2
509_chr3,6
509_chr4,3
50_chr1,3
50_chr11,2
50_chr13,1
50_chr14,3
50_chr16,3
50_chr17,6
50_chr2,5
50_chr3,4
50_chr4,2
50_chr6,6
50_chr9,2
510_chr1,5
510_chr11,3
510_chr17,1
510_chr2,1
510_chr3,5
510_chr4,6
511_chr1,3
511_chr11,1
511_chr17,3
511_chr2,2
511_chr3,5
511_chr4,1
512_chr1,3
512_chr11,2
512_chr17,3
512_chr2,4
512_chr3,4
512_chr4,6
513_chr1,2
513_chr10,1
513_chr11,5
513_chr16,2
513_chr17,4
513_chr2,1
513_chr3,5
513_chr4,4
513_chr7,3
515_chr1,1
515_chr11,6
515_chr17,5
515_chr2,2
515_chr3,3
515_chr4,5
516_chr1,4
516_chr11,1
516_chr17,3
516_chr2,1
516_chr3,3
516_chr4,6
519_chr1,1
519_chr11,6
519_chr17,1
519_chr2,5
519_chr3,4
519_chr4,1
51_chr1,5
51_chr11,3
51_chr17,6
51_chr2,1
51_chr3,1
51_chr4,6
520_chr1,6
520_chr11,2
520_chr17,2
520_chr2,4
520_chr3,6
520_chr4,2
521_chr1,2
521_chr11,6
521_chr17,3
521_chr2,1
521_chr3,4
521_chr4,6
522_chr1,5
522_chr11,5
522_chr17,2
522_chr2,1
522_chr21,3
522_chr3,5
522_chr4,2
523_chr1,1
523_chr11,2
523_chr17,5
523_chr2,3
523_chr3,3
523_chr4,1
523_chr9,2
524_chr1,4
524_chr11,5
524_chr17,5
524_chr2,3
524_chr3,3
524_chr4,2
525_chr1,2
525_chr11,6
525_chr17,4
525_chr2,1
525_chr3,6
525_chr4,3
526_chr1,4
526_chr11,5
526_chr17,5
526_chr2,3
526_chr3,3
526_chr4,5
527_chr1,3
527_chr11,2
527_chr17,2
527_chr2,1
527_chr3,6
527_chr4,6
528_chr1,4
528_chr11,4
528_chr17,3
528_chr2,4
528_chr3,2
528_chr4,2
529_chr1,4
529_chr11,2
529_chr17,2
529_chr2,1
529_chr3,3
529_chr4,3
52_chr1,1
52_chr11,3
52_chr17,2
52_chr2,5
52_chr3,6
52_chr4,4
530_chr1,4
530_chr11,6
530_chr17,3
530_chr2,2
530_chr3,4
530_chr4,5
531_chr1,4
531_chr11,3
531_chr17,4
531_chr2,2
531_chr3,2
531_chr4,2
532_chr1,3
532_chr11,5
532_chr17,1
532_chr2,2
532_chr3,1
532_chr4,4
533_chr1,2
533_chr11,3
533_chr17,6
533_chr2,4
533_chr3,2
533_chr4,4
534_chr1,3
534_chr11,3
534_chr17,6
534_chr2,2
534_chr3,6
534_chr4,4
535_chr1,3
535_chr11,2
535_chr17,6
535_chr2,1
535_chr3,4
535_chr4,5
536_chr1,6
536_chr11,5
536_chr17,1
536_chr2,1
536_chr3,6
536_chr4,1
537_chr1,4
537_chr11,2
537_chr17,2
537_chr2,3
537_chr3,1
537_chr4,1
538_chr1,2
538_chr11,1
538_chr17,6
538_chr2,6
538_chr3,3
538_chr4,3
539_chr1,4
539_chr11,3
539_chr17,3
539_chr2,6
539_chr3,2
539_chr4,4
53_chr1,1
53_chr11,6
53_chr17,6
53_chr2,5
53_chr3,1
53_chr4,2
540_chr1,1
540_chr11,2
540_chr17,4
540_chr2,5
540_chr3,2
540_chr4,3
541_chr1,5
541_chr11,1
541_chr17,1
541_chr2,1
541_chr3,2
541_chr4,2
542_chr1,5
542_chr11,6
542_chr17,4
542_chr2,2
542_chr3,1
542_chr4,5
543_chr1,5
543_chr11,4
543_chr17,6
543_chr2,5
543_chr3,6
543_chr4,3
544_chr1,1
544_chr11,5
544_chr17,6
544_chr2,6
544_chr3,5
544_chr4,6
545_chr1,4
545_chr11,6
545_chr17,2
545_chr2,1
545_chr3,4
545_chr4,2
546_chr1,4
546_chr11,2
546_chr17,2
546_chr2,3
546_chr3,5
546_chr4,4
547_chr1,2
547_chr11,1
547_chr17,2
547_chr2,1
547_chr3,3
547_chr4,2
548_chr1,5
548_chr11,1
548_chr17,2
548_chr2,5
548_chr3,1
548_chr4,5
54_chr1,1
54_chr11,5
54_chr17,6
54_chr2,2
54_chr3,6
54_chr4,5
550_chr1,2
550_chr11,2
550_chr17,2
550_chr2,6
550_chr3,4
550_chr4,4
551_chr1,2
551_chr11,1
551_chr17,4
551_chr2,6
551_chr3,4
551_chr4,5
552_chr1,6
552_chr11,1
552_chr17,5
552_chr2,6
552_chr3,2
552_chr4,2
553_chr1,3
553_chr11,3
553_chr17,3
553_chr2,1
553_chr3,4
553_chr4,4
554_chr1,6
554_chr11,6
554_chr17,1
554_chr2,4
554_chr3,2
554_chr4,4
555_chr1,4
555_chr11,4
555_chr17,5
555_chr2,1
555_chr3,6
555_chr4,5
556_chr1,2
556_chr11,6
556_chr17,3
556_chr2,3
556_chr3,2
556_chr4,4
557_chr1,2
557_chr11,1
557_chr17,4
557_chr2,2
557_chr3,1
557_chr4,2
558_chr1,2
558_chr11,2
558_chr17,6
558_chr2,3
558_chr3,6
558_chr4,3
559_chr1,1
559_chr11,1
559_chr17,4
559_chr2,1
559_chr3,4
559_chr4,6
55_chr1,1
55_chr11,2
55_chr17,2
55_chr2,4
55_chr3,5
55_chr4,4
560_chr1,3
560_chr11,4
560_chr17,4
560_chr2,4
560_chr3,3
560_chr4,5
561_chr1,3
561_chr11,1
561_chr17,6
561_chr2,4
561_chr3,5
561_chr4,2
563_chr1,5
563_chr11,4
563_chr17,3
563_chr2,4
563_chr3,3
563_chr4,2
564_chr1,3
564_chr11,3
564_chr17,1
564_chr2,4
564_chr3,4
564_chr4,4
565_chr1,5
565_chr11,1
565_chr17,5
565_chr2,1
565_chr3,5
565_chr4,4
566_chr1,5
566_chr11,3
566_chr17,1
566_chr2,2
566_chr3,1
566_chr4,1
567_chr1,3
567_chr11,2
567_chr17,3
567_chr2,5
567_chr3,2
567_chr4,3
568_chr1,1
568_chr11,4
568_chr17,6
568_chr2,2
568_chr3,5
568_chr4,3
569_chr1,1
569_chr11,2
569_chr17,3
569_chr2,5
569_chr3,3
569_chr4,1
56_chr1,3
56_chr11,4
56_chr17,2
56_chr2,3
56_chr3,4
56_chr4,1
570_chr1,1
570_chr11,1
570_chr17,3
570_chr2,6
570_chr3,3
570_chr4,2
571_chr1,5
571_chr11,3
571_chr17,4
571_chr2,2
571_chr3,1
571_chr4,3
572_chr1,3
572_chr11,6
572_chr17,3
572_chr2,5
572_chr3,5
572_chr4,6
573_chr1,2
573_chr11,6
573_chr17,5
573_chr2,1
573_chr3,3
573_chr4,1
574_chr1,3
574_chr11,5
574_chr17,3
574_chr2,4
574_chr3,4
574_chr4,1
575_chr1,2
575_chr11,2
575_chr17,1
575_chr2,6
575_chr3,2
575_chr4,4
576_chr1,4
576_chr11,4
576_chr17,6
576_chr2,5
576_chr3,1
576_chr4,3
577_chr1,5
577_chr11,1
577_chr17,2
577_chr2,2
577_chr3,6
577_chr4,2
578_chr1,3
578_chr11,1
578_chr17,3
578_chr2,4
578_chr3,5
578_chr4,6
579_chr1,4
579_chr11,6
579_chr17,2
579_chr2,6
579_chr3,1
579_chr4,1
57_chr1,2
57_chr11,4
57_chr12,1
57_chr13,5
57_chr14,1
57_chr16,5
57_chr17,5
57_chr19,2
57_chr2,3
57_chr3,6
57_chr4,3
57_chr5,6
57_chr7,5
57_chr8,5
580_chr1,5
580_chr11,4
580_chr17,6
580_chr2,5
580_chr3,4
580_chr4,2
581_chr1,6
581_chr11,1
581_chr17,4
581_chr2,5
581_chr3,3
581_chr4,1
582_chr1,5
582_chr11,2
582_chr17,5
582_chr2,6
582_chr3,6
582_chr4,1
583_chr1,6
583_chr11,5
583_chr17,3
583_chr2,2
583_chr3,6
583_chr4,6
584_chr1,6
584_chr11,6
584_chr17,4
584_chr2,5
584_chr3,5
584_chr4,3
585_chr1,3
585_chr11,6
585_chr17,3
585_chr2,5
585_chr3,6
585_chr4,6
586_chr1,4
586_chr11,5
586_chr17,1
586_chr2,6
586_chr3,4
586_chr4,5
586_chr6,3
587_chr1,2
587_chr11,6
587_chr17,5
587_chr2,1
587_chr3,3
587_chr4,6
588_chr1,3
588_chr11,6
588_chr16,1
588_chr2,4
588_chr3,1
588_chr4,5
589_chr1,4
589_chr11,5
589_chr17,3
589_chr2,2
589_chr3,3
589_chr4,6
58_chr1,4
58_chr11,5
58_chr17,3
58_chr2,5
58_chr3,6
58_chr4,2
590_chr1,6
590_chr11,2
590_chr17,3
590_chr2,3
590_chr3,1
590_chr4,5
591_chr1,1
591_chr11,4
591_chr17,2
591_chr2,3
591_chr3,4
591_chr4,5
592_chr1,3
592_chr11,6
592_chr17,5
592_chr2,5
592_chr3,3
592_chr4,2
593_chr1,2
593_chr11,5
593_chr17,1
593_chr2,5
593_chr3,4
593_chr4,6
594_chr1,1
594_chr11,4
594_chr17,4
594_chr2,5
594_chr3,3
594_chr4,3
596_chr1,6
596_chr11,5
596_chr17,2
596_chr2,3
596_chr3,3
596_chr4,3
597_chr1,4
597_chr11,1
597_chr17,4
597_chr2,5
597_chr3,6
597_chr4,4
598_chr1,2
598_chr11,6
598_chr17,4
598_chr2,1
598_chr3,6
598_chr4,6
599_chr1,3
599_chr11,5
599_chr17,5
599_chr2,5
599_chr3,5
599_chr4,4
5_chr1,6
5_chr11,3
5_chr17,3
5_chr2,5
5_chr3,5
5_chr4,6
601_chr1,1
601_chr11,6
601_chr17,5
601_chr2,1
601_chr3,3
601_chr4,4
602_chr1,6
602_chr11,2
602_chr17,2
602_chr2,1
602_chr3,5
602_chr4,3
603_chr1,2
603_chr11,1
603_chr17,1
603_chr2,1
603_chr3,4
603_chr4,2
60_chr1,4
60_chr11,5
60_chr17,1
60_chr2,1
60_chr3,4
60_chr4,3
61_chr1,6
61_chr11,4
61_chr17,6
61_chr2,6
61_chr3,5
61_chr4,5
62_chr1,6
62_chr11,4
62_chr17,4
62_chr2,5
62_chr3,4
62_chr4,3
63_chr1,6
63_chr11,3
63_chr17,1
63_chr2,5
63_chr3,3
63_chr4,3
64_chr1,1
64_chr11,4
64_chr17,2
64_chr19,5
64_chr2,6
64_chr3,5
64_chr4,1
64_chrX,2
65_chr1,5
65_chr11,1
65_chr17,6
65_chr2,4
65_chr3,1
65_chr4,5
66_chr1,4
66_chr11,5
66_chr17,4
66_chr2,6
66_chr21,6
66_chr3,6
66_chr4,5
66_chr5,5
67_chr1,3
67_chr11,6
67_chr17,6
67_chr19,6
67_chr2,6
67_chr3,3
67_chr4,6
67_chr6,6
68_chr1,2
68_chr11,6
68_chr17,6
68_chr2,3
68_chr3,3
68_chr4,6
69_chr1,4
69_chr11,6
69_chr17,3
69_chr2,3
69_chr3,2
69_chr4,1
6_chr1,5
6_chr11,2
6_chr17,6
6_chr2,5
6_chr22,4
6_chr3,6
6_chr4,5
70_chr1,3
70_chr11,2
70_chr17,4
70_chr2,6
70_chr3,5
70_chr4,2
72_chr1,3
72_chr11,5
72_chr17,5
72_chr2,3
72_chr3,6
72_chr4,1
73_chr1,4
73_chr11,3
73_chr17,5
73_chr2,3
73_chr3,6
73_chr4,1
74_chr1,5
74_chr11,6
74_chr17,4
74_chr2,3
74_chr3,5
74_chr4,5
75_chr1,1
75_chr11,2
75_chr17,4
75_chr2,2
75_chr3,3
75_chr4,2
76_chr1,5
76_chr11,6
76_chr17,3
76_chr2,5
76_chr3,3
76_chr4,3
77_chr1,3
77_chr11,1
77_chr17,4
77_chr2,1
77_chr3,3
77_chr4,5
77_chr5,6
78_chr1,4
78_chr11,1
78_chr17,1
78_chr2,1
78_chr3,5
78_chr4,1
79_chr1,6
79_chr11,3
79_chr17,4
79_chr2,3
79_chr3,3
79_chr4,1
79_chr5,5
7_chr1,1
7_chr11,5
7_chr17,4
7_chr2,2
7_chr3,4
7_chr4,4
80_chr1,5
80_chr11,2
80_chr17,4
80_chr2,1
80_chr3,4
80_chr4,2
81_chr1,5
81_chr11,6
81_chr17,4
81_chr2,1
81_chr3,6
81_chr4,2
82_chr1,4
82_chr11,2
82_chr17,6
82_chr2,1
82_chr3,4
82_chr4,5
82_chr9,2
83_chr1,5
83_chr11,2
83_chr17,1
83_chr2,5
83_chr3,5
83_chr4,2
84_chr1,2
84_chr11,1
84_chr17,6
84_chr2,5
84_chr3,3
84_chr4,4
85_chr1,3
85_chr11,3
85_chr17,1
85_chr2,1
85_chr3,4
85_chr4,1
86_chr1,5
86_chr11,6
86_chr17,6
86_chr2,1
86_chr3,2
86_chr4,2
87_chr1,1
87_chr11,4
87_chr17,5
87_chr2,2
87_chr3,5
87_chr4,4
88_chr1,5
88_chr11,2
88_chr17,2
88_chr2,5
88_chr3,3
88_chr4,4
89_chr1,6
89_chr11,4
89_chr17,1
89_chr2,2
89_chr3,4
89_chr4,5
89_chr9,3
8_chr1,2
8_chr11,5
8_chr12,3
8_chr17,4
8_chr18,6
8_chr2,2
8_chr20,5
8_chr3,4
8_chr4,5
8_chr7,6
91_chr1,4
91_chr10,4
91_chr11,5
91_chr12,3
91_chr17,5
91_chr2,5
91_chr21,4
91_chr3,1
91_chr4,4
91_chr7,5
91_chrX,4
92_chr1,3
92_chr11,5
92_chr17,5
92_chr2,1
92_chr3,6
92_chr4,5
93_chr1,1
93_chr11,3
93_chr17,4
93_chr2,5
93_chr3,3
93_chr4,1
94_chr1,3
94_chr11,2
94_chr16,6
94_chr17,3
94_chr2,1
94_chr3,5
94_chr4,6
95_chr1,2
95_chr11,3
95_chr17,3
95_chr2,1
95_chr3,3
95_chr4,2
96_chr1,3
96_chr10,2
96_chr11,2
96_chr14,5
96_chr17,4
96_chr2,1
96_chr22,3
96_chr3,5
96_chr4,4
96_chrX,4
97_chr1,5
97_chr11,5
97_chr17,3
97_chr2,4
97_chr3,4
97_chr4,3
98_chr1,5
98_chr11,6
98_chr17,6
98_chr2,4
98_chr3,6
98_chr4,3
98_chrX,5
99_chr1,6
99_chr11,1
99_chr17,6
99_chr2,4
99_chr3,3
99_chr4,5
9_chr1,3
9_chr11,1
9_chr17,2
9_chr2,2
9_chr3,1
9_chr4,5
9_chr8,3
