sequenceID,2,4,6,8,10,12,14,16,18,20,25,30,35,40,45,50,55,60,65,70,75,80,85,90,95,100,200,300,400,500,600,700,800,900,1000,3658
501_chr1,,,39.9745481243058,17.7306725285503,-1.78075957303666,-0.354569444024368,,0.22806143604926,-1342.62361561456,-3226.26617857013,-5.89700550612234,-0.841870597282705,-0.819181432202557,-0.661345528209882,-0.670235840094773,0.467230222971358,-0.28945022703494,-0.282174957017721,-0.284917356228967,0.00897431204962647,-0.22326344131753,0.00132965708519307,1.08433453879138,0.951548084804415,0.997828035436505,1.46477390419627,1.26079971940218,1.346576303383,1.96758840101563,1.635471508509,2.14515582218731,2.13281005533489,2.00234729322384,2.10172567447199,2.06732244601596,2.80963409987772
501_chr11,,,15.2813798026738,6.30009239019419,-1.79761551520073,-0.324037618833029,,0.343156919224457,-522.211857690877,-1221.44583274701,-4.36914183583446,-0.834091319019869,-0.671964539698858,-0.661345528209882,-0.378913002142481,0.485091696412729,-0.278041368953372,-0.27985078823245,-0.284917356228967,0.019302010875511,-0.22326344131753,0.0148533019284233,0.786003809734487,0.614799949414098,0.684307637483485,1.21593768272803,1.18532182735078,1.25723537373021,1.8660743722322,1.60590577222271,2.05381429377961,2.12440147459318,1.93951681539176,2.16800374452029,2.05819479536528,2.67491473308306
501_chr17,,,5.2870156990044,1.72355820759581,-2.78611959730516,-0.351886061081091,,0.354534191960429,-189.053102281878,-420.233229293783,-3.08601870479318,-0.846059439424231,-0.546722125362468,-0.661345528209882,-0.125530071451576,0.338515445505057,-0.276993411331661,-0.279621042447255,-0.284917356228967,0.00165030356089262,-0.22326344131753,-0.00415991660885878,0.834123093062214,0.601758284050018,0.678367902873106,0.958592533305929,0.923258236614513,1.12230756320752,1.54472632868427,1.47946081915458,1.68803283122737,1.8015215278247,1.76431197719185,1.80733958147912,1.80861720952923,2.33876759497413
501_chr2,,,46.4110483947684,20.4467784571729,-1.54888364415125,-0.275350783728834,,0.246859574826726,-1562.63649737679,-3740.96495307152,-5.86653270970657,-0.80776145413027,-0.652733079800457,-0.661345528209882,-0.543126019414664,0.491147561258973,-0.286738353659329,-0.281795358738428,-0.284917356228967,0.0166040368035679,-0.22326344131753,0.0138790946466903,0.81327785322039,0.636488798045738,0.695816976303309,1.52923567150463,0.786763072898164,1.37349904013233,1.0436254886885,1.68338776619474,1.05300180921881,1.78235843852659,2.0340337405689,2.11215465901101,2.09013285625292,2.84634590125241
501_chr3,,,30.6007791394786,11.7292325040432,-21.3604550752055,-0.445334400358318,,0.340341096212963,-1148.31233510101,-2691.82763502295,-5.47588788789408,-0.843665815343359,-0.716317733613923,-0.661345528209882,-0.505193327675108,0.541118859338807,-0.27884554983896,-0.279907649264418,-0.284917356228967,0.033507100257272,-0.22326344131753,0.0212518446360653,0.767396017033943,0.716924391166274,0.734290273304259,1.46809305413766,1.34019167298824,1.34441547186102,2.35762488262965,2.16862003470449,2.9916368285656,2.88012786044533,2.5724074586786,2.77653266970054,2.67807384340238,3.34499410471017
501_chr4,,,14.9115227518729,-0.10866668821528,-127.860990930089,-0.914464186108453,,0.296947388183725,-1058.57408137766,-2486.15101379113,-5.17983630738492,-0.826910446777251,-0.637665799766364,-0.661345528209882,-0.400532507282331,0.832212424221005,-0.280388486334513,-0.280783915638183,-0.284917356228967,0.0213791302992576,-0.22326344131753,0.0147104542482224,1.21704527447395,0.808670706381102,0.925923444445229,1.5268402050249,1.6357369958303,1.33060954588312,2.68521441118182,3.00384809219244,4.08763799115611,3.70122826144254,3.26146930321579,3.56777456712627,3.4857914211439,4.13496990241599
512_chr1,,,137.45057896264,58.2781072318134,-16.6518657935307,-0.541004028561766,,4.75687136033709,-4867.76027752746,-11818.4384497038,-7.29361606083412,-0.837250184719396,-0.614559910436482,-0.661345528209882,0.946973562598378,0.988932040834023,-0.0192440944302821,-0.190722900255125,-0.284917356228967,1.13222650966371,-0.22326344131753,0.847843356972625,1.92349119526982,1.7308394743409,1.85262455588795,3.52021698131744,1.7172278661653,1.83505513254303,3.55186030212709,2.41613904393767,3.30654538042348,2.94382149266555,2.76670064508364,2.89753442055328,2.97888325578744,3.99644351879963
512_chr11,,,43.7532720774865,17.7957556529052,-11.490164145393,-0.359184370595665,,4.53333878827671,-1591.95462232237,-3864.2164360083,-5.51260589193066,-0.834027409256909,-0.653600357723766,-0.661345528209882,0.781245337010173,0.727963024546514,-0.0309105495155349,-0.195236782226351,-0.284917356228967,1.06195479695845,-0.22326344131753,0.787867339533498,1.56363659452228,1.87235622392225,1.83321053124385,2.84649664939877,1.46391346129649,1.77739811593767,3.10959516457801,2.0559734802637,2.92491996513601,2.69356948590042,2.45645278285865,2.6582335792482,2.78735483735092,3.65373261591664
512_chr17,,,12.5717515268323,3.7830252981755,-9.30624693165102,-0.197320136223824,,3.33571559579607,-501.960612699976,-1171.95116839467,-2.6860454222034,-0.765627207521893,-0.144929246999167,-0.661345528209882,0.988713580830204,0.648628477763933,-0.0884397259869957,-0.219420862814844,-0.284917356228967,0.749079257743082,-0.22326344131753,0.568482901651018,1.26451250440923,1.01660929600492,1.16945116461181,2.11432049401839,1.10744630667937,1.49929926650013,2.43722353632134,1.87776577820176,2.31784275726677,2.31673692534383,2.23352747881976,2.30666957850519,2.40632813980794,3.15910774453225
512_chr2,,,179.717524767414,75.5530020421994,-8.65013379597624,-0.33454404878019,,6.83450428057476,-6364.88470537155,-15412.7776564969,-7.58115190339662,-0.828741389677312,-0.495935609477702,-0.661345528209882,1.85139668357502,0.907733272277127,0.0759100980062421,-0.148768433865526,-0.284917356228967,1.63609234855328,-0.22326344131753,1.24693363378549,1.44428957940419,1.14088912509034,1.31339614481518,4.13484757894775,1.92025180928528,2.21030771953966,3.18169083577367,2.35143945157766,2.16000033014321,2.44716449909374,2.6498297241344,2.77546681370955,3.06867845096395,4.0978468536819
512_chr3,,,116.367626966017,47.1263503958314,-5.61293103925232,-0.45411002971209,,6.50465937822049,-4197.1132015511,-10088.1542107259,-6.80933192578812,-0.843633820568144,-0.623567202621777,-0.661345528209882,1.51726718032263,1.12714228312417,0.0624765143002092,-0.155429122928934,-0.284917356228967,1.5504782912709,-0.22326344131753,1.18249890228518,2.11343683642813,1.96202659943831,2.10393482230243,3.80767396473219,1.56438414833034,2.02547991576863,3.82785683019543,2.27647541762141,3.26013949836378,2.85916386136337,2.59355577198189,2.90911118436502,2.97643944269945,4.01871411710818
512_chr4,,,126.631186168677,52.8970230672206,-12.5866768966954,-0.410399594686475,,9.22871467160009,-4518.34961899373,-10942.4734697651,-6.98445279245134,-0.825033127410622,-0.534663499104011,-0.661345528209882,2.62248701680434,1.14985924183934,0.180718325145657,-0.100421192925385,-0.284917356228967,2.19853949123055,-0.22326344131753,1.66344270299858,1.45871436110368,1.10793245957913,1.28014035596658,4.44377584934082,1.14083142094834,2.34203434582341,3.84277582012543,2.38685702967384,2.86067882389518,2.80079220039917,2.72330669107834,2.96044596159161,3.23842753029187,4.28118332755231
524_chr1,,,39.8583694439465,17.3661198082307,-17.6040755824067,-0.447005969455777,,0.231535013096238,-1391.85620815539,-3371.66019099494,-5.97974920393411,-0.845062096057201,-0.835517118322666,-0.661345528209882,-0.556031937980577,0.442769381421144,-0.287506553819179,-0.282104813697383,-0.284917356228967,0.0105531170446707,-0.22326344131753,0.00326639986424432,0.821873933936118,0.626895293457182,0.686261806977001,1.50334155199057,1.52424752863437,1.35627220901199,2.42495020643039,2.22808658237182,2.80337433603086,2.72801788878622,2.51763474447912,2.57225089167121,2.55680016616559,3.2353306789727
524_chr11,,,13.7708680707018,5.59981291906042,-0.900230170339905,-0.362341781263852,,0.239731154141521,-465.887742309811,-1078.29175030044,-4.37800603855982,-0.846857314117856,-0.702067073120299,-0.661345528209882,-0.472916050158544,0.50137181734955,-0.287483939132791,-0.281939305767345,-0.284917356228967,-0.00845607906796198,-0.22326344131753,-0.00918414647470311,0.76815425795515,0.647169233933208,0.688144217182171,1.13437743020454,0.941588058013435,1.22942493202777,1.50674076483714,1.49168681116528,1.70421729953428,1.95095310855378,1.90173687029656,2.10832183824728,1.9702158306042,2.58419012770985
524_chr17,,,5.57948533094588,1.94951417187768,-4.57319126332283,-0.334506005763114,,0.405110682196353,-201.631681692361,-458.661746400409,-3.09007745359822,-0.839676441875238,-0.6167132918769,-0.661345528209882,-0.249692473429887,0.377911485049458,-0.27163200264793,-0.278599731300788,-0.284917356228967,0.0145125195460374,-0.22326344131753,0.00955324134098369,0.947404223471819,0.698390963159997,0.801813528787666,0.989155936747818,1.21268187041788,1.14467418410922,1.64152236225823,1.41404683955441,1.89225065046321,1.93070843268033,1.84045800934721,1.87768422753704,1.89593163415282,2.41785582187088
524_chr2,,,37.0688391764569,12.027064023546,-58.7760683485115,-0.554325779943208,,0.214410928382258,-1469.62689203351,-3313.37323742963,-5.453828731572,-0.826910446777251,-0.526445839504981,-0.661345528209882,-0.301522784798777,0.591011536771452,-0.290796226467801,-0.282450607138365,-0.284917356228967,0.00680013532085358,-0.22326344131753,0.00252059287968077,0.984999616318805,0.778618445365574,0.85794439234134,1.52153922139913,1.41708551250641,1.34901549935661,2.54041242054793,2.50507605933869,3.22814390073064,3.03969612400099,2.78106370166617,2.71105354394477,2.83054177758546,3.51994660983171
524_chr3,,,28.2885021284949,10.472324222615,-25.0229154302513,-0.454477815981243,,0.22806143604926,-1034.11960542178,-2367.1440587998,-5.15217360071083,-0.846059439424231,-0.645930921036314,-0.661345528209882,-0.432080830900321,0.869126664126064,-0.287940498583192,-0.282174957017721,-0.284917356228967,0.00398232344338485,-0.22326344131753,-0.000160078172145021,1.39245500143999,0.991788295650866,1.11456872486609,1.38968311080783,1.86453006546707,1.32786270536836,-0.313426824222748,2.0407364640512,-0.752354479849719,1.4486074725619,2.35906456411575,2.51444375071973,2.36654593697736,2.86250969139035
524_chr4,,,20.449744847472,5.06991059560559,-55.5777484093994,-0.522005925109802,,0.242095237706536,-956.940671263143,-2191.82806673375,-4.9545418712084,-0.826910446777251,-0.563520980245181,-0.661345528209882,-0.374489314623254,0.925194601373797,-0.287505234256535,-0.281891566889363,-0.284917356228967,0.00538062455218449,-0.22326344131753,0.00383319133097122,1.35412768960449,0.882068843121946,1.01945467644645,1.40362654559085,1.87545476769393,1.31080005365901,0.328468407101356,2.60449572458976,0.879582865990268,2.33630715077842,2.85627351139517,3.1273057941191,3.01238948222878,3.61817350485263
541_chr1,,,53.534650902734,21.1249545094674,-10.1046372873411,-0.3521927698314,,0.591850019656581,-1916.88033187049,-4471.70923554105,-5.9305477239492,-0.843454996902436,-0.617774505871226,-0.661345528209882,-0.190227153635219,0.752707320259143,-0.256994505439047,-0.27482882972295,-0.284917356228967,0.103674595429046,-0.22326344131753,0.0732891627142757,1.44404514297838,1.05193214696766,1.18443090407429,1.8057920245715,1.87979304041528,1.42831648322181,0.0917977130149473,1.88438747501494,-0.139390911324779,1.53244697469002,2.29882489095188,2.25794912093561,2.3201766049484,3.0452478412806
541_chr11,,,18.6677688343359,8.27326226204019,-1.51944750137944,-0.358293961222806,,0.600617396502799,-620.817348774226,-1493.45407997428,-4.82614169660435,-0.844214433982695,-0.831664145161322,-0.661345528209882,-0.587689049070974,0.480650308919014,-0.259365473106827,-0.2746517866016,-0.284917356228967,0.0845070971890422,-0.22326344131753,0.0587762612957396,1.25753417092554,1.25327190658172,1.26872609381285,1.36553329918397,1.32865484817431,1.28937207779255,1.99577930539402,1.56827304850006,2.15243648052109,2.09463056267893,1.90426135091576,2.10830966687668,2.0142091491978,2.66544814902232
541_chr17,,,6.62944557190019,2.46680181027619,-5.32442179858469,-0.348759696321873,,0.642580564808726,-241.015668380954,-563.393427649115,-3.46302001316464,-0.846443695876681,-0.66968509428262,-0.661345528209882,-0.177718095525717,0.439982361988314,-0.252183555511309,-0.273804407684399,-0.284917356228967,0.0771206653974779,-0.22326344131753,0.0562277902763833,0.993560087563965,0.687838301851145,0.788117505742033,1.14390986297247,1.31153824352417,1.16721056404535,1.825701406949,1.676308886899,1.97669705633991,2.0241481837746,1.95478757906116,2.01727277991362,2.00800686670515,2.56237594347724
541_chr2,,,57.7932524151016,23.2671720254718,-5.5691882049026,-0.368237212390881,,0.486478677333791,-2023.00620892409,-4707.52243268438,-5.90156303633072,-0.841689459780385,-0.601889297325483,-0.661345528209882,-0.204275154024283,0.61290167303093,-0.264117227364326,-0.276956635071454,-0.284917356228967,0.0798279431928674,-0.22326344131753,0.0575146433758842,1.49268240016869,1.2106133335315,1.33995611170133,1.77977383849608,1.7411436758845,1.42495992317445,1.58224372406887,1.85498960260885,1.65568742336809,2.1181760599484,2.24749118952558,2.24049610176391,2.30314000109891,3.0745111508515
541_chr3,,,36.7322332478972,16.1100805736486,-9.69717334698239,-0.422643380499696,,0.407272152698687,-1255.80615204591,-3028.58063955772,-5.772479589189,-0.84170974574447,-0.807550785509568,-0.661345528209882,-0.566717373734779,0.651831225853032,-0.271475270101078,-0.278556083868819,-0.284917356228967,0.0518618949649354,-0.22326344131753,0.0363529755931884,1.2413686989027,0.86739501680244,0.968036005594821,1.55080673029966,1.47637695406251,1.3561282458053,2.53817778864675,2.00785472123028,2.62824516368833,2.53027915906072,2.31352028855356,2.42668936130258,2.32470606217454,2.94933384942411
541_chr4,,,35.6977343268208,15.613657526273,-9.73350198251385,-0.411548333815551,,0.467134572607639,-1221.62443286641,-2944.41859913078,-5.64191332759385,-0.8435042457179,-0.786721666520621,-0.661345528209882,-0.408071536276265,0.656701931500481,-0.266442508509165,-0.2773472582579,-0.284917356228967,0.0653717710581277,-0.22326344131753,0.0453883864019948,1.28907285199241,0.91078879204,1.02277763601795,1.57628733215417,1.52647282384824,1.3636636210145,2.41091237377235,1.90684353344461,2.580131341396,2.51045477914882,2.29904815097289,2.43604042843979,2.34042903109256,2.97048138007095
558_chr1,,,48.0925403974402,21.3632253103904,-10.2021005769134,-0.405645315602451,,0.417328160535252,-1648.31427200236,-4002.31770480437,-6.26341794773207,-0.846783091824481,-0.845231309678483,-0.661345528209882,-0.558106336249499,0.479461352243513,-0.272319271327198,-0.278353018910287,-0.284917356228967,0.0587350915721287,-0.22326344131753,0.0385320220488214,0.893259905557122,0.668917554377153,0.736650922292573,1.65081302710151,1.2819254831728,1.39234757030129,2.33418988555094,2.06943468434211,2.64814910617964,2.59629722296708,2.38958809869041,2.50278894596374,2.46486902051952,3.18353395966745
558_chr11,,,16.7929676330969,6.334895416731,-5.72098224466699,-0.342786697179683,,0.499620513283073,-589.638907434617,-1347.51220051497,-4.34923475039723,-0.841587431553937,-0.587114699995822,-0.661345528209882,-0.233899432178948,0.782337621610922,-0.265809973103653,-0.276691256760751,-0.284917356228967,0.0588953979754966,-0.22326344131753,0.0396618355882497,1.14674528968437,0.774215051853469,0.890927284497291,1.33332562770394,1.45890969699543,1.2756550339061,2.20021376834646,1.71772581425607,2.27501068990344,2.27845423428052,2.0469826976404,2.26487092919943,2.14157673659271,2.69750108594048
558_chr17,,,5.99587406404581,2.38060924115652,-2.92584461800481,-0.351981217416483,,0.391154488158787,-204.399455656876,-477.110622137866,-3.26572803199099,-0.834027409256909,-0.643108951005427,-0.661345528209882,-0.260330170904565,0.337814796242498,-0.271157810542823,-0.278881554267671,-0.284917356228967,0.0124716205461221,-0.22326344131753,0.00812856487461291,1.19727935550682,0.937131711982964,1.0483126166854,0.999280487107302,0.996775588620393,1.14323375305281,1.62956298951957,1.48347616932958,1.81211187380525,1.86554249756314,1.77472202081275,1.85205784611701,1.84688658893505,2.38454035668419
558_chr2,,,48.9036183005627,19.1117856924443,-9.11700299034414,-0.378894221208865,,0.335418275339393,-1728.68768182096,-3976.68683803217,-5.73990577331929,-0.845381565084528,-0.603769691483108,-0.661345528209882,-0.207433010473964,0.61474211558914,-0.278497622147745,-0.280007057740704,-0.284917356228967,0.0400988779149883,-0.22326344131753,0.0254598556565716,1.31173064034727,1.11652585713869,1.19187350529413,1.62188718104457,1.81950522156927,1.39172668447629,0.816376113876536,2.00956229107138,0.814675359353861,1.90178147134203,2.36636446639295,2.30278384793816,2.37357192396038,3.09605293331251
558_chr3,,,33.7333518183882,12.266584620725,-12.2548094666661,-0.340644517071353,,0.453227646899557,-1253.66807853197,-2870.90964627128,-4.93764903685555,-0.818894678455225,-0.506500635598533,-0.661345528209882,-0.27282321654626,0.865430274937794,-0.270123275559838,-0.277628086329847,-0.284917356228967,0.0626746593942076,-0.22326344131753,0.0471173610509827,1.42352625008294,1.02379982391147,1.16898956397136,1.55494811871067,1.63225199167199,1.36072339881464,2.25589392240956,2.15670776071931,2.66839733017841,2.6837952764997,2.45401845011575,2.71702897936713,2.57454931406293,3.25861062941307
558_chr4,,,31.8680263080405,13.9514291110843,-10.9784063983559,-0.407932617578535,,0.347966294678799,-1100.53849189301,-2670.33375963637,-5.60627000365896,-0.844413822868632,-0.837538101240087,-0.661345528209882,-0.512784618007945,0.576456253876337,-0.276587078394859,-0.279753670604553,-0.284917356228967,0.034163433228742,-0.22326344131753,0.0219190188287552,1.29245685711245,0.905698371186682,1.0239055819692,1.48722051798592,1.35887912061748,1.33790620814008,2.38795701553933,1.88787094881041,2.51203433185019,2.42264954806149,2.21531078324015,2.28921049429863,2.24707703235734,2.87243839666306
559_chr1,,,45.2782448060208,19.9515879612639,-6.53161773112207,-0.368504262878725,,0.320859874703487,-1546.07764832688,-3741.45997104536,-5.93487404652807,-0.838351790362016,-0.800173339689371,-0.661345528209882,-0.55047409184684,0.598853020812366,-0.279063982899597,-0.280301041304506,-0.284917356228967,0.0335723685979938,-0.22326344131753,0.0218363392811348,1.15460789206991,0.803378690486332,0.909982174608533,1.59672446696102,1.14906707218068,1.3718576943147,2.11285031794502,1.78864948081311,2.2195601232716,2.28091946574419,2.15706640703438,2.23824085772061,2.20491253942423,2.89888621588364
559_chr11,,,14.692646685519,6.50566206312135,-1.24278351666031,-0.368349171277763,,0.292851593481146,-486.913137472078,-1175.1465271129,-4.60454620936801,-0.845669757423865,-0.888861261217706,-0.661345528209882,-0.800946078374836,0.37096406916609,-0.283627517855972,-0.280866623646665,-0.284917356228967,0.00506202854324112,-0.22326344131753,-0.0026412380936494,1.3224265839274,1.57700443628093,1.50324551648752,1.18798191259102,1.13331165311221,1.22541598420434,1.81730985874853,1.50224029996487,1.97239192531868,1.93460002283387,1.82556816837188,1.9465909545056,1.87708192926541,2.51015615719901
559_chr17,,,0.550864447241258,-4.5081168768594,-4.36660206606378,-0.346776570835626,,0.451228724814488,-214.769627297528,-385.608233601414,-2.17277538674643,-0.826590020300291,-0.156617253257797,-0.661345528209882,0.160586275945782,0.892194784679075,-0.266134447424113,-0.277668451357093,-0.284917356228967,0.0274810906832545,-0.22326344131753,0.0187732752062103,1.34731646149669,1.04964515945503,1.16164125890337,1.05039600567816,0.146089750204619,1.14892201995473,-0.322232561068928,1.50719791087869,-0.480460158696506,1.03636502939328,1.80060946410075,1.77003303946496,1.8110504460396,2.37602714983016
559_chr2,,,50.0237960770837,20.3472450746689,-3.91081177272989,-0.365699240771645,,0.347767486901182,-1738.32887280326,-4043.98353744867,-5.84891350356911,-0.845282289525774,-0.663442699703917,-0.661345528209882,-0.321104865329272,0.594691170605739,-0.277808313356913,-0.279757685208934,-0.284917356228967,0.042688484012103,-0.22326344131753,0.0265563436322659,1.15004358386898,0.878347433806499,0.975385594753058,1.64041607761765,1.502907534815,1.38696675326224,2.15447771860412,1.76918709302163,2.36010230020848,2.31444481033602,2.18888868458855,2.17983154746225,2.22022054691535,2.97549453227533
559_chr3,,,29.2617675650968,11.0775502335466,-52.7727340256955,-0.681946610365409,,0.302893646361137,-1131.89784478418,-2701.6848236786,-5.42379547214904,-0.832782804522324,-0.73496264816275,-0.661345528209882,-0.569087099168995,0.792932768697484,-0.280811268340024,-0.280663840486111,-0.284917356228967,0.0231723015593303,-0.22326344131753,0.0171850659952371,1.62379206794321,1.1714269638492,1.31322788627853,1.49047863158318,1.66375151546849,1.33168241349464,2.53069848143564,2.22321713732484,2.53423510538399,2.66116031485411,2.51926810953981,2.60633699246199,2.49756721593069,2.97409156138096
559_chr4,,,29.68837373215,12.2658031370218,-21.825728159427,-0.47344893912063,,0.317343442712789,-1058.68922205203,-2524.56196372933,-5.387843391459,-0.846346674313936,-0.753428017682416,-0.661345528209882,-0.425207468107709,0.735116924059687,-0.279757696868582,-0.280372050011737,-0.284917356228967,0.0256022269147198,-0.22326344131753,0.0149095957643035,1.30681605040269,0.883336674002295,1.00878709638966,1.47199365626347,1.25269088112016,1.3223207510513,2.4809349243138,2.14268018175133,2.86305328880868,2.72397399976822,2.44021171164684,2.60698315951999,2.50889880242895,3.11938135143141
560_chr1,,,37.6692043592749,16.53062948995,-5.93871035757019,-0.391981939943215,,0.144534140606789,-1278.75646390651,-3064.88800471651,-5.78642075421694,-0.84685713459605,-0.837776462529188,-0.661345528209882,-0.761198447899772,0.457310089605053,-0.294404907011615,-0.283861656855368,-0.284917356228967,-0.0120860349015926,-0.22326344131753,-0.0144486906423987,1.64368380694337,1.62871165810136,1.6613774324486,1.44961295863282,1.66097941535554,1.33848070450665,1.76114444103596,1.83327432407801,1.98062472330007,2.19990949031897,2.18264434384869,2.25562221487107,2.24665889933244,2.95442858724157
560_chr11,,,13.0700137424165,5.29033033300962,-5.87344163736947,-0.388344536005829,,0.204596125088226,-447.19970856117,-1037.7170895108,-4.19894362111857,-0.845038080028923,-0.704970558702627,-0.661345528209882,-0.436033906041242,0.633231268314588,-0.290585105920648,-0.28264880135781,-0.284917356228967,-0.0181606556087753,-0.22326344131753,-0.0184870619413998,1.25489367480732,0.835683024853979,0.964262854616895,1.1417025220603,1.34305886606717,1.21022438908592,2.22209947300519,1.79134352430177,2.37108419687811,2.30296345215797,2.07520627739192,2.23837927931058,2.11876933566016,2.64937270034296
560_chr17,,,4.98277838871811,1.34839614057698,-2.13732329341974,-0.177804255446061,,0.278878226267593,-186.01470886456,-404.133068417667,-2.41836350584568,-0.775906386774793,-0.235630891515473,-0.661345528209882,-0.142860513977507,0.48091142730328,-0.280210719886627,-0.281148793398309,-0.284917356228967,-0.0169099748137442,-0.22326344131753,-0.00476347313854764,0.987364815117089,0.748817164965242,0.85338944533265,0.982659833016374,1.03346670963181,1.10135921274452,1.65073586767474,1.52157346040698,1.77250220532983,1.81616592095551,1.79327146314996,1.83590743605914,1.80586558199504,2.35402737439028
560_chr2,,,41.1267380830742,17.7500019826508,-16.7565382859487,-0.449741563584819,,0.144391030611912,-1431.5050007016,-3438.22354499839,-5.74357366357589,-0.834027409256909,-0.76350905895803,-0.661345528209882,-0.566093126693525,0.474718802444487,-0.294239800776512,-0.28386454673231,-0.284917356228967,-0.00977240444790795,-0.22326344131753,-0.0105477397114869,1.15424172764261,0.869766939908145,0.970765180268221,1.51401472720065,0.828263081473196,1.34725868338623,1.58988325861371,2.12879196192232,1.93926967911041,2.39186901012253,2.45958325514912,2.5072430329823,2.51001405865397,3.20644245137843
560_chr3,,,27.6719023461586,11.0722992082562,-5.8515629201181,-0.334276317080234,,0.200526278286309,-965.432335652193,-2227.28818391144,-5.11131277914415,-0.845977657268135,-0.694750895696368,-0.661345528209882,-0.507192358276747,0.723376708273091,-0.292180670284698,-0.282730985390032,-0.284917356228967,-0.00420250408638244,-0.22326344131753,-0.00897748808013798,1.43016652544029,1.07481458680603,1.19206442802875,1.35125297615552,1.84022719118194,1.30220128875682,-0.0147899331334301,1.86903195938634,-0.0863568452115586,1.54846158750793,2.1856319283783,2.42529583669818,2.27583814189805,2.92813873486625
560_chr4,,,23.9230210008811,10.2456760647373,-9.31199952264582,-0.350688363217752,,0.130033869913295,-831.942425628978,-1999.76322441317,-5.28734316144898,-0.84042197598896,-0.811037730777737,-0.661345528209882,-0.570220336512484,0.548956095189062,-0.297631377311547,-0.284154466578166,-0.284917356228967,-0.0239593695107091,-0.22326344131753,-0.0228210052552358,1.05207746522007,0.699203494204152,0.788100974271486,1.29754754294208,1.23581767324338,1.27633986999894,2.1156704718483,1.74047568960138,2.33336700840733,2.27154889929808,2.07975341346214,2.15135679523161,2.13289235673449,2.76120074712366
565_chr1,,,28.5905354177825,12.8285586384778,-3.153530961292,-0.329882142872699,,0.0398336205681633,-956.577572505316,-2317.78337843993,-5.68497392643426,-0.839676441875238,-0.85852470987391,-0.661345528209882,-0.72608955463713,0.471090868236684,-0.309484969194779,-0.285975916023168,-0.284917356228967,-0.0432672587609689,-0.22326344131753,-0.036391664383296,0.829875644923678,0.588219502147038,0.644035567845762,1.21266531506716,1.39381924488275,1.29131220101682,2.19569395271344,1.77084183831032,2.38380442716381,2.27024623449593,2.08420712424812,2.15414942514388,2.09730126054921,2.7611912554021
565_chr11,,,9.96482223809788,4.48166268802125,-2.5922482396732,-0.369929041390159,,0.0453630818980869,-328.36001074584,-795.803591434442,-4.37292222193251,-0.846059439424231,-0.900593797532304,-0.661345528209882,-0.727853790765969,0.219637593784791,-0.308598640060186,-0.285864257415307,-0.284917356228967,-0.0632335517544322,-0.22326344131753,-0.0519839738517503,0.808897319247626,0.656598260202447,0.718334019456002,0.932645442846681,1.18935391988185,1.15938117542132,1.81228143506277,1.55325851228823,2.04172966939119,2.0505520355356,1.89591565740456,1.99200393573643,1.93440639917144,2.49845778656343
565_chr17,,,3.19960969825063,1.07623422753536,-3.80713039945191,-0.190165997603941,,0.0371140750113488,-112.759581374783,-247.373148690516,-2.52840896637735,-0.782229463934295,-0.419428347491645,-0.661345528209882,-0.415083078800133,0.248994466529536,-0.310235327370657,-0.28603083288627,-0.284917356228967,-0.088585959377751,-0.22326344131753,-0.0593770614288577,0.542869492251593,0.454252008852292,0.500235103140009,0.687597557196895,1.01759035052767,1.01454662202277,1.47498814764949,1.32111416918727,1.820132603763,1.86785149422244,1.80964602199579,1.78684635772294,1.77795242549004,2.21978827115085
565_chr2,,,31.6158108400788,14.109632711213,-7.22255406868917,-0.389986073452024,,0.0538865197557976,-1071.75732056791,-2598.68734187378,-5.74610365938369,-0.846857314117856,-0.871601299247131,-0.661345528209882,-0.644327891802817,0.391338247272097,-0.308908268543884,-0.285692140250797,-0.284917356228967,-0.0377661631440202,-0.22326344131753,-0.0343069579149883,0.891262582228888,0.672798677039684,0.740132747743635,1.25695146670522,1.45240376795888,1.30354618806879,2.2645004747574,1.96570843647985,2.53941776317981,2.46392015669,2.26680268027395,2.32552249408198,2.28388602718397,2.94557240815007
565_chr3,,,21.1828611758191,8.23403538571751,-16.3294564581363,-0.421520048641576,,0.0717808342018176,-753.182923166617,-1731.36282317079,-4.96765260891963,-0.839676441875238,-0.699067185530843,-0.661345528209882,-0.55484553295877,0.739982924909393,-0.306619632669311,-0.285330793255051,-0.284917356228967,-0.0400913707275687,-0.22326344131753,-0.0347919418343523,1.17308314089755,0.814327270328754,0.911821855999553,1.17389470859998,1.16476167644742,1.26170499993149,2.30175321626114,1.91077716369288,2.39704803156861,2.41813962916892,2.2123620332637,2.34818880364242,2.21443672843077,2.7220091317189
565_chr4,,,19.1123747452992,8.49182832757506,-5.91981090972259,-0.366145705124986,,0.0344243596018076,-643.824855706433,-1562.55231087195,-5.07999794584231,-0.846059439424231,-0.873736450640981,-0.661345528209882,-0.590745875232539,0.471211853140689,-0.310593031566574,-0.286085147377367,-0.284917356228967,-0.0523515022294261,-0.22326344131753,-0.0445302222974951,1.18237899069349,0.926218920169469,1.00013527803641,1.09641732637354,1.32142312493725,1.24290583965033,2.0511397054656,1.59124577916502,2.24888807022558,2.17286351132792,1.95407221224589,2.05808711158294,2.00559203316037,2.59732991140139
583_chr1,,,35.2799538347054,15.7731989629577,-6.11749479250917,-0.427631878970908,,0.146726647741484,-1193.14616736834,-2890.9774414553,-5.77918710965857,-0.846767772630364,-0.870689132245295,-0.661345528209882,-0.67435469019821,0.389361206716273,-0.297464373476495,-0.283817382688361,-0.284917356228967,-0.0128938423582628,-0.22326344131753,-0.0147294409509445,1.27423783364011,1.00415167164977,1.11677031288149,1.37344277141114,1.15467557153723,1.32464830558035,1.96774949149281,1.81198635439879,2.2763686677861,2.34460392357121,2.20808834420842,2.29299861222044,2.25714225832775,2.94993293830238
583_chr11,,,12.772992817562,5.62743295793652,-2.66781649527472,-0.351692876204453,,0.168537167670529,-420.214363758734,-1004.20885045664,-4.23961204719872,-0.825777783862182,-0.752602963633758,-0.661345528209882,-0.575796593320472,0.48762234833331,-0.294661180029913,-0.283376954200542,-0.284917356228967,-0.028365696508696,-0.22326344131753,-0.0219327735393558,1.6324111769859,1.20740850093958,1.38036444431348,1.07940948165258,1.39872861160872,1.20392695264179,1.93504298238197,1.56330656103506,2.05800674476197,2.0548478105714,1.87294883004866,2.04186423972595,1.94618773472932,2.51599148614749
583_chr17,,,4.60111893791996,1.82351324251117,-1.48610175242821,-0.341183910841127,,0.18569442562276,-151.725284146325,-348.628211390971,-3.20582538537971,-0.846396461694818,-0.692807735071257,-0.661345528209882,-0.346027394489688,0.255084109081578,-0.29371012878422,-0.283030490879191,-0.284917356228967,-0.0449835741021615,-0.22326344131753,-0.038589567535366,0.762741708261139,0.612831201061954,0.671957652901633,0.824017994457585,1.12855888630881,1.07074082692064,1.48651317948046,1.27459456531464,1.67510980385186,1.7078750093322,1.62509553089005,1.6938089134006,1.67142630242125,2.19317072430365
583_chr2,,,43.9466042753457,19.2189435443611,-13.2412043632724,-0.413300663962361,,0.225874761297116,-1521.75100109797,-3681.00614044484,-6.09580286565006,-0.84678550539543,-0.852259888126411,-0.661345528209882,-0.642049706126135,0.605842046993016,-0.28875347109969,-0.282219113409113,-0.284917356228967,0.0104376713984594,-0.22326344131753,0.00266704310362455,1.48142391677396,1.064028582019,1.19989550376538,1.51638387680939,1.6110661818095,1.36670355957854,2.26217466152355,1.92213112352254,2.3936953799197,2.417690614327,2.27063224952236,2.31429511687532,2.29625192396144,2.95111171525973
583_chr3,,,30.3758302416802,13.1160690632731,-6.63580096247059,-0.407315077444707,,0.255205090145781,-1034.38485292051,-2459.04666866492,-5.32598056008079,-0.833115917206913,-0.744058386201175,-0.661345528209882,-0.578225863487303,0.656472590344327,-0.287088746544062,-0.281626834434376,-0.284917356228967,0.0103717686327164,-0.22326344131753,0.0057010374722742,1.53326131247755,1.13852805806357,1.27507862621229,1.38574367672191,1.15022175671905,1.32046215255773,2.11071290150925,1.8754372640044,2.4090115531221,2.42373477759363,2.24830516104761,2.41975018907621,2.29994850881689,2.94021729294122
583_chr4,,,27.9153995854867,12.0449470249839,-7.81950509944461,-0.388738872201905,,0.248585406001605,-950.477783690763,-2263.35029746729,-5.2357140349597,-0.84274594560908,-0.782296031695109,-0.661345528209882,-0.55121465078263,0.643549419184931,-0.287666023348,-0.281760508344349,-0.284917356228967,0.00722090644519741,-0.22326344131753,0.0011521213095351,1.34662158357987,0.953362508627325,1.08272936985137,1.3558627590737,1.30311661409891,1.31205597252389,2.27828838324882,1.79129218624442,2.42332538201991,2.36307477164576,2.12225019047536,2.29082753735394,2.18463268903024,2.79149941813472
591_chr1,,,56.6431232612599,24.3443226590926,-24.9302360643453,-0.400985703764127,,0.583826125577863,-2003.13807816422,-4859.50468874057,-5.94745551768096,-0.817942016071037,-0.693058223798697,-0.661345528209882,-0.360173094148298,0.583226727574736,-0.25406550394667,-0.27499085940161,-0.284917356228967,0.101558145312221,-0.22326344131753,0.075330432726315,1.16246372089404,0.973359797591415,1.04574711496083,1.87316264066526,1.46036853663088,1.42024833757598,2.62180120887716,2.3274939698097,3.09477009069155,2.90428084418933,2.62750512817214,2.73020603971324,2.72433269017687,3.48461326965844
591_chr11,,,15.9503040332819,4.18948982347227,-14.5568065843793,-0.342873912133315,,0.756283631077262,-701.322101722762,-1653.13930739894,-4.014817262598,-0.806749669231285,-0.499893330705662,-0.661345528209882,-0.146096773754501,1.0774034526686,-0.245539220755382,-0.27150835652652,-0.284917356228967,0.145060217864555,-0.22326344131753,0.0953497892206557,1.58322781989107,1.15004483358834,1.351440791766,1.50235098484036,1.19466148889538,1.31138477592039,2.56340419154478,2.13991366412988,2.89184695440771,2.71455632294962,2.40403971155442,2.62718540192027,2.55278991468572,3.14854336297302
591_chr17,,,4.82734590973186,-0.695785032905721,-6.80250499832002,-0.326176450502293,,1.05765938586762,-298.285597867449,-662.319686441493,-2.95545152810666,-0.841505090885555,-0.471834511697125,-0.661345528209882,0.1366615320649,0.66399268121033,-0.221776127575973,-0.265422556262273,-0.284917356228967,0.203025337235398,-0.22326344131753,0.133211244349385,1.28413750562837,0.983741118645757,1.14712301399297,1.34521911433204,1.41804887893071,1.21192598965748,1.86606957694455,1.60696597038836,1.82742613528159,1.98711926139508,1.98805193910584,2.03188460921515,2.05991260478962,2.64792236648263
591_chr2,,,60.5437015864896,26.6053443934664,-15.0869958323267,-0.434392355190942,,0.530247833538898,-2093.74632961956,-5085.28277147192,-6.36054247817944,-0.840779423851704,-0.798223335125047,-0.661345528209882,-0.424918181613401,0.682566013539648,-0.260437828907591,-0.276072787123618,-0.284917356228967,0.088462772826205,-0.22326344131753,0.0620735199667373,1.34435175077618,0.974833467155252,1.0884149214172,1.85505554953321,1.34140779030479,1.4168348665889,2.55927345688072,2.01856142437491,2.67847560939199,2.58400232841835,2.37316966723118,2.46610452898124,2.40918612941735,3.10321723194621
591_chr3,,,38.5732812378415,15.4390584125839,-2.80472568613667,-0.334445316560224,,0.511856164234068,-1364.84955411957,-3264.87488484807,-5.43025027037577,-0.842853898055127,-0.739320197248999,-0.661345528209882,-0.500444909432008,0.803412674485069,-0.262858908354753,-0.27644417740348,-0.284917356228967,0.0904310512868796,-0.22326344131753,0.05438226831226,1.38209591796233,1.15027412069908,1.26116728675753,1.63772831939067,1.80710758415891,1.37121519572439,1.58058301440307,1.82842719548675,1.42365368933776,1.98771059072109,2.13332704651294,2.34829493679685,2.21792122388064,2.90494148270936
591_chr4,,,32.1951102979633,12.99300349647,-39.4897821217339,-0.588200256432683,,0.444348199256773,-1209.03927165354,-2935.2800612184,-5.58973229565641,-0.843665815343359,-0.819510362887881,-0.661345528209882,-0.467384812771562,0.691050182744101,-0.267824917806097,-0.277807392541285,-0.284917356228967,0.0577871631904139,-0.22326344131753,0.0406741090500249,1.4335046992338,0.973354273955973,1.11217014932372,1.61235135485267,1.44160942479061,1.34638125028814,2.70924405298219,2.18877339343117,2.86640708472717,2.74157084978929,2.49473823345375,2.5667850489222,2.50649433277497,3.06711889219393
594_chr1,,,35.7423767934183,16.1379019448151,-1.77456190571479,-0.357690939312207,,0.14524161593575,-1191.3839188408,-2891.2402521832,-5.85426399305368,-0.846402505595623,-0.874542796582651,-0.661345528209882,-0.68714772456816,0.448546384370109,-0.297576552316874,-0.283847370525179,-0.284917356228967,-0.0135738761237286,-0.22326344131753,-0.0147420956472668,0.999026250018278,0.735190311860588,0.810125541899425,1.37151028676048,1.37129017350748,1.32030124044183,2.11707683474556,1.67487816947599,2.2297727544006,2.17022369317673,2.00874128815985,2.12065587631563,2.038952363107,2.75073587263061
594_chr11,,,11.7727284805092,5.28728530432195,-2.58392584566893,-0.379526994139404,,0.133690513755185,-387.17802004679,-938.64679696283,-4.47707484361835,-0.846839361937249,-0.897943194080704,-0.661345528209882,-0.680186500824204,0.373364792028513,-0.299401909562297,-0.28408062651736,-0.284917356228967,-0.0382685714007723,-0.22326344131753,-0.0342501128262764,1.20487505397632,0.868653794508214,0.984680864093595,1.04074038579476,1.28511860954338,1.18363151491071,1.93298537147993,1.54964746944297,2.04371654002617,2.01001960499491,1.85312542336144,1.95709109485497,1.88840606516198,2.4612999361995
594_chr17,,,4.53279661342523,1.89223036636205,-5.12214343165944,-0.378782373157561,,0.229285551883666,-161.441033758179,-390.608338474925,-3.57700558815845,-0.845909359194361,-0.882013925023612,-0.661345528209882,-0.601232693361843,0.278943510048904,-0.289536859337909,-0.282150237960697,-0.284917356228967,-0.0335551889417878,-0.22326344131753,-0.0302257464901,1.0399396927832,0.719957088849904,0.824372893879695,0.868944563341767,1.13458397353613,1.08043720586683,1.77628698096019,1.5390122969961,2.12661810463556,2.0701893083876,1.88452996860427,1.9764516911029,1.94397279256357,2.43120689905753
594_chr2,,,38.524441876679,17.4085458437711,-1.996529179404,-0.375168101877697,,0.121183193958443,-1285.5474562899,-3119.05704182752,-5.89223161338991,-0.845456545358862,-0.863408674916809,-0.661345528209882,-0.624789068070415,0.407056667898035,-0.29977419790807,-0.284333191791488,-0.284917356228967,-0.0179534799772234,-0.22326344131753,-0.0195512940850441,1.04345164143839,0.786662432597495,0.871716272493317,1.39630448996669,1.25208457708152,1.32908913507467,2.02717600600152,1.7125159184504,2.19143561150541,2.19359146580701,2.05004818974879,2.17400970086517,2.10040259964198,2.82591683609298
594_chr3,,,25.3791214316625,11.1607466985585,-9.63013858138686,-0.460059289988838,,0.134359218692743,-871.892118667647,-2114.99925673747,-5.37224407534467,-0.846853404531857,-0.878435754181333,-0.661345528209882,-0.64766112369744,0.524003781034632,-0.298831998507953,-0.284067123093077,-0.284917356228967,-0.0219993291395032,-0.22326344131753,-0.0227023931859754,1.58965129739472,1.12555528754139,1.28706878050712,1.28468073432489,1.2218687317409,1.28161973583882,2.26527845536343,1.88334746068843,2.47482796838962,2.39560688275293,2.20780550526779,2.26359075038532,2.2105292588895,2.82048659881909
594_chr4,,,23.2491056443985,10.1740858534465,-9.93296630364249,-0.356358400706595,,0.122179944145682,-804.135176177666,-1950.41972859467,-5.12808501508297,-0.832648442423919,-0.814865929034046,-0.661345528209882,-0.570414623492932,0.538189766668807,-0.299343047140117,-0.284313064019242,-0.284917356228967,-0.0267482218726404,-0.22326344131753,-0.0231644385436895,1.15202295709642,0.84432462977515,0.923220717107976,1.26218062980766,1.3008702504887,1.2796525164902,2.30303393475149,1.94029312652303,2.66461597249857,2.48485615047375,2.24599081504976,2.34492101078894,2.30069701566298,2.91642645576218
599_chr1,,,118.456240329488,47.8816091695426,-3.4305262043435,-0.27480267989941,,3.95227125117655,-4273.03074766334,-10373.3530571256,-6.85144957932563,-0.80776145413027,-0.420160825603392,-0.661345528209882,0.952377262014573,1.03659245341748,-0.0660407890869191,-0.206970509689895,-0.284917356228967,0.956411360425768,-0.22326344131753,0.719551768728667,1.24067012960024,1.00700299678872,1.15962572399391,3.14591112792049,1.24409805757953,1.8217996151744,3.38034539622168,2.10789408081078,2.71113601380453,2.48939621181608,2.39678250161939,2.62695994666306,2.67316104274532,3.56927557754971
599_chr11,,,43.8201798656929,18.586571971735,-4.80671034808158,-0.301011287002381,,4.38453346501308,-1541.15224393569,-3740.82623908002,-5.47647368885967,-0.826910446777251,-0.621503662160372,-0.661345528209882,0.892760935399205,0.685883781357717,-0.0410120857559691,-0.198241667195513,-0.284917356228967,1.02195673202721,-0.22326344131753,0.790185982822378,1.25823910093379,1.06597108465054,1.19548201559,2.74691073598899,1.64496589297691,1.78817928840138,2.73422536393669,1.89497729301747,2.31944602900172,2.38153766628747,2.26801184267305,2.4623477077943,2.59335491730441,3.40383107661227
599_chr17,,,13.0400205974625,5.10781419057801,-1.92710463211606,-0.334701519216152,,2.86124905270595,-471.076804462645,-1134.7011846452,-3.96339127719015,-0.843665815343359,-0.670655558311838,-0.661345528209882,0.474726438965737,0.501624934409392,-0.112937452477651,-0.229001954085186,-0.284917356228967,0.632668832299911,-0.22326344131753,0.510629156044625,1.10947932098305,0.813137087142355,0.950907648079238,1.92378442632102,1.38093688156999,1.59866205112613,2.46653578897866,1.6485237979534,2.03872049414803,2.0771804637266,1.99412203213133,2.1313714289323,2.24280485175314,2.86184865598481
599_chr2,,,138.679427007241,59.8555809188795,-2.23134489758558,-0.345158426261298,,3.95227125117655,-4825.13875257465,-11694.8306932698,-7.60354799387848,-0.846059439424231,-0.64050965003562,-0.661345528209882,0.788323612752721,0.810528290294156,-0.0642668485662653,-0.206970509689895,-0.284917356228967,0.936140968052861,-0.22326344131753,0.711913995592825,1.14284914745451,0.90960937829066,1.02919003107735,3.22306271368075,1.56650650357519,1.86486795577802,3.19437942937453,1.94748569550457,2.74845772840233,2.48726371322171,2.30946940567177,2.47886414127691,2.58726018848108,3.52478410730419
599_chr3,,,98.2245843662153,42.6078040464908,-2.01935087973448,-0.361886694192574,,4.44464981497142,-3407.8940015727,-8274.45362384676,-6.7321533108212,-0.843665815343359,-0.6439668614591,-0.661345528209882,1.06705739099599,0.77903506916106,-0.0402314217434533,-0.197027713874296,-0.284917356228967,1.0497713595343,-0.22326344131753,0.802140924450861,1.55654188481382,1.34165712896592,1.49407608296459,3.14016606667724,1.78342967825869,1.92899763513408,2.78398429213341,1.9195943243545,2.18304531037232,2.32005270716069,2.29692860539715,2.53027151562567,2.6324289430274,3.49795627547635
599_chr4,,,82.8861460479542,34.8779081104115,-22.5776204194645,-0.422957068663992,,3.9245983065803,-2959.03835579351,-7183.87973308707,-6.6034890670887,-0.839676441875238,-0.637446043733096,-0.661345528209882,0.829852004479135,0.907321359255235,-0.0667810443432789,-0.207529320446432,-0.284917356228967,0.921757730786357,-0.22326344131753,0.681965161267169,1.43345561739922,1.03288846351984,1.20076255387094,2.97727097141993,1.3963318907225,1.73553100892434,3.0876284851971,1.98841285558221,2.87350209207913,2.70359032591229,2.47762243156834,2.59732584559253,2.68742969357387,3.52088468815129
